Player,Team,Att,Yds,Y/A,TD,1stD,Long,Fumb,FumL,Date
Rhamondre Stevenson,NE,25,71,2.8,0,4,12,0,0,1/25
Drake Maye,NE,10,65,6.5,1,6,28,0,0,1/25
Kenneth Walker III,SEA,19,62,3.3,1,3,11,0,0,1/25
Blake Corum,LAR,9,55,6.1,0,3,19,0,0,1/25
Kyren Williams,LAR,10,39,3.9,0,2,11,0,0,1/25
RJ Harvey,DEN,13,37,2.8,0,1,9,0,0,1/25
Jarrett Stidham,DEN,4,23,5.8,0,0,8,1,1,1/25
Matthew Stafford,LAR,2,16,8,0,2,13,1,0,1/25
Jaleel McLaughlin,DEN,4,11,2.8,0,0,5,0,0,1/25
Sam Darnold,SEA,3,9,3,0,1,14,1,0,1/25
TreVeyon Henderson,NE,3,5,1.7,0,0,4,0,0,1/25
Tyler Badie,DEN,1,4,4,0,1,4,0,0,1/25
Puka Nacua,LAR,1,4,4,0,0,4,0,0,1/25
George Holani,SEA,3,4,1.3,0,0,3,0,0,1/25
Adam Prentice,DEN,1,3,3,0,1,3,0,0,1/25
Pat Bryant,DEN,1,1,1,0,0,1,0,0,1/25
Rashid Shaheed,SEA,1,0,0,0,0,0,0,0,1/25
James Cook III,BUF,24,117,4.9,0,5,24,1,1,1/18
Kenneth Walker III,SEA,19,116,6.1,3,7,15,0,0,1/18
Kyren Williams,LAR,21,87,4.1,2,4,10,0,0,1/18
D'Andre Swift,CHI,19,76,4,0,3,13,0,0,1/18
Rhamondre Stevenson,NE,16,70,4.4,0,4,20,0,0,1/18
Josh Allen,BUF,12,66,5.5,0,8,26,3,2,1/18
Caleb Williams,CHI,5,40,8,0,4,26,0,0,1/18
Brock Purdy,SF,5,37,7.4,0,2,18,1,1,1/18
Kyle Monangai,CHI,13,36,2.8,0,3,15,0,0,1/18
Christian McCaffrey,SF,11,35,3.2,0,1,8,0,0,1/18
Bo Nix,DEN,12,29,2.4,0,4,11,1,0,1/18
Jordan James,SF,6,28,4.7,0,1,7,0,0,1/18
Rashid Shaheed,SEA,2,27,13.5,0,1,30,0,0,1/18
TreVeyon Henderson,NE,12,25,2.1,0,0,6,0,0,1/18
Jaleel McLaughlin,DEN,4,21,5.3,0,1,13,0,0,1/18
RJ Harvey,DEN,6,20,3.3,0,1,12,0,0,1/18
Zach Charbonnet,SEA,5,20,4,0,1,15,0,0,1/18
Blake Corum,LAR,6,19,3.2,0,1,7,0,0,1/18
Woody Marks,HOU,14,17,1.2,0,0,8,1,1,1/18
Nick Chubb,HOU,4,14,3.5,0,1,7,0,0,1/18
C.J. Stroud,HOU,2,11,5.5,0,1,10,0,0,1/18
Drake Maye,NE,4,10,2.5,0,1,8,4,2,1/18
Velus Jones Jr.,SEA,6,10,1.7,0,0,6,0,0,1/18
DJ Moore,CHI,1,8,8,0,1,8,0,0,1/18
Mac Jones,SF,1,7,7,0,1,7,0,0,1/18
Cade Stover,HOU,2,6,3,0,2,4,0,0,1/18
Puka Nacua,LAR,2,6,3,0,1,4,0,0,1/18
Brian Robinson Jr.,SF,3,4,1.3,0,0,2,0,0,1/18
AJ Barner,SEA,1,2,2,0,1,2,0,0,1/18
Jordan Whittington,LAR,1,0,0,0,0,0,0,0,1/18
Luther Burden III,CHI,1,0,0,0,0,0,0,0,1/18
Matthew Stafford,LAR,1,-1,-1,0,0,-1,2,0,1/18
Kyle Juszczyk,SF,1,-3,-3,0,0,-3,1,0,1/18
Woody Marks,HOU,19,112,5.9,1,5,20,0,0,1/11
Saquon Barkley,PHI,26,106,4.1,0,6,29,0,0,1/11
Travis Etienne Jr.,JAX,10,67,6.7,0,3,26,0,0,1/11
Drake Maye,NE,10,66,6.6,0,4,37,2,1,1/11
Kyren Williams,LAR,13,57,4.4,0,1,8,0,0,1/11
Justin Herbert,LAC,10,57,5.7,0,4,16,2,1,1/11
Josh Jacobs,GB,19,55,2.9,0,3,13,1,0,1/11
D'Andre Swift,CHI,13,54,4.2,1,1,8,0,0,1/11
Rhamondre Stevenson,NE,10,53,5.3,0,2,13,0,0,1/11
Bhayshul Tuten,JAX,4,51,12.8,0,3,20,0,0,1/11
Christian McCaffrey,SF,15,48,3.2,0,1,10,0,0,1/11
Nick Chubb,HOU,10,48,4.8,0,2,9,0,0,1/11
James Cook III,BUF,15,46,3.1,0,3,11,0,0,1/11
Chuba Hubbard,CAR,13,46,3.5,2,4,8,0,0,1/11
Blake Corum,LAR,11,45,4.1,0,1,8,0,0,1/11
Jaylen Warren,PIT,12,43,3.6,0,3,12,0,0,1/11
Josh Allen,BUF,11,33,3,2,5,10,0,0,1/11
Trevor Lawrence,JAX,6,31,5.2,0,2,18,0,0,1/11
Kimani Vidal,LAC,11,31,2.8,0,3,10,0,0,1/11
TreVeyon Henderson,NE,9,27,3,0,1,15,0,0,1/11
Kyle Monangai,CHI,8,27,3.4,0,3,9,0,0,1/11
Brock Purdy,SF,9,24,2.7,0,4,8,1,0,1/11
Bryce Young,CAR,3,24,8,1,1,16,0,0,1/11
Caleb Williams,CHI,4,20,5,0,1,11,1,0,1/11
Kenneth Gainwell,PIT,6,20,3.3,0,2,14,0,0,1/11
Tank Bigsby,PHI,4,19,4.8,0,1,9,0,0,1/11
Chris Brooks,GB,1,16,16,0,1,16,0,0,1/11
Puka Nacua,LAR,3,14,4.7,1,1,5,0,0,1/11
Jayden Reed,GB,1,14,14,0,1,14,0,0,1/11
Jalen Hurts,PHI,5,14,2.8,0,3,4,0,0,1/11
Jordan Love,GB,1,11,11,0,1,11,1,0,1/11
Rico Dowdle,CAR,5,9,1.8,0,0,8,0,0,1/11
Cade Stover,HOU,1,4,4,0,1,4,0,0,1/11
Trevor Etienne,CAR,1,4,4,0,0,4,1,1,1/11
Emanuel Wilson,GB,1,3,3,0,0,3,0,0,1/11
LeQuint Allen Jr.,JAX,1,3,3,0,0,3,0,0,1/11
Skyy Moore,SF,1,3,3,0,0,3,1,0,1/11
Parker Washington,JAX,2,2,1,0,0,5,0,0,1/11
Cole Kmet,CHI,1,1,1,0,0,1,0,0,1/11
Dallas Goedert,PHI,1,1,1,1,1,1,0,0,1/11
C.J. Stroud,HOU,1,0,0,0,0,0,5,2,1/11
Matthew Stafford,LAR,2,0,0,0,1,2,0,0,1/11
Omarion Hampton,LAC,1,-1,-1,0,0,-1,0,0,1/11
Luther Burden III,CHI,1,-4,-4,0,0,-4,0,0,1/11
DJ Moore,CHI,1,-5,-5,0,0,-5,0,0,1/11
Derrick Henry,BAL,36,216,6,4,14,30,0,0,12/28
Bijan Robinson,ATL,22,195,8.9,1,4,93,0,0,12/28
Christian McCaffrey,SF,23,140,6.1,1,8,41,0,0,12/28
Breece Hall,NYJ,14,111,7.9,1,4,59,0,0,12/28
Zach Charbonnet,SEA,18,110,6.1,2,8,29,0,0,12/28
Jacory Croskey-Merritt,WAS,11,105,9.5,2,3,72,0,0,12/28
Malik Davis,DAL,20,103,5.2,0,2,21,0,0,12/28
Chase Brown,CIN,22,101,4.6,2,5,25,0,0,12/28
Audric Estime,NO,14,94,6.7,1,5,32,0,0,12/28
Kyren Williams,LAR,13,92,7.1,0,4,22,0,0,12/28
Tony Pollard,TEN,18,85,4.7,0,4,25,0,0,12/28
De'Von Achane,MIA,18,83,4.6,0,5,18,0,0,12/28
TreVeyon Henderson,NE,19,82,4.3,0,4,17,0,0,12/28
Travis Etienne Jr.,JAX,17,76,4.5,0,4,13,0,0,12/28
James Cook III,BUF,20,74,3.7,0,3,10,0,0,12/28
Woody Marks,HOU,19,71,3.7,0,3,19,0,0,12/28
Jonathan Taylor,IND,21,70,3.3,1,5,10,0,0,12/28
Saquon Barkley,PHI,19,68,3.6,0,4,16,0,0,12/28
Jordan Addison,MIN,1,65,65,1,1,65,0,0,12/28
Jaylen Warren,PIT,12,64,5.3,0,3,15,1,0,12/28
Tyrone Tracy Jr.,NYG,14,62,4.4,0,2,23,0,0,12/28
Malik Willis,GB,9,60,6.7,2,4,22,1,1,12/28
Ashton Jeanty,LV,16,60,3.8,0,4,24,0,0,12/28
Tyler Huntley,BAL,8,60,7.5,0,5,25,0,0,12/28
Rico Dowdle,CAR,12,59,4.9,0,2,11,0,0,12/28
Jaylen Wright,MIA,5,56,11.2,0,1,32,0,0,12/28
Javonte Williams,DAL,13,54,4.2,1,4,9,0,0,12/28
D'Andre Swift,CHI,9,54,6,2,3,22,0,0,12/28
Aaron Jones Sr.,MIN,18,53,2.9,1,3,10,0,0,12/28
Kenneth Walker III,SEA,15,51,3.4,0,1,16,1,0,12/28
Jaxson Dart,NYG,9,48,5.3,2,6,17,0,0,12/28
Rhamondre Stevenson,NE,8,47,5.9,1,3,24,0,0,12/28
Devin Singletary,NYG,8,45,5.6,1,3,29,0,0,12/28
RJ Harvey,DEN,14,43,3.1,0,3,11,0,0,12/28
Bo Nix,DEN,9,42,4.7,1,4,14,0,0,12/28
Jahmyr Gibbs,DET,17,41,2.4,0,1,8,1,1,12/28
Jaleel McLaughlin,DEN,7,40,5.7,0,1,15,0,0,12/28
Kareem Hunt,KC,7,38,5.4,0,4,14,0,0,12/28
Kyle Monangai,CHI,8,38,4.8,0,2,18,0,0,12/28
Justin Herbert,LAC,6,37,6.2,0,1,28,2,0,12/28
Jawhar Jordan,HOU,8,36,4.5,0,1,10,0,0,12/28
Isiah Pacheco,KC,9,32,3.6,0,1,13,0,0,12/28
Keaton Mitchell,BAL,9,31,3.4,0,3,14,0,0,12/28
Kene Nwangwu,NYJ,6,31,5.2,0,2,16,0,0,12/28
Hunter Luepke,DAL,7,30,4.3,0,1,8,0,0,12/28
Omarion Hampton,LAC,14,29,2.1,1,1,5,0,0,12/28
Michael Carter,ARI,7,29,4.1,0,2,11,0,0,12/28
Brock Purdy,SF,6,28,4.7,2,3,10,0,0,12/28
Josh Allen,BUF,7,27,3.9,2,3,17,2,1,12/28
Dylan Sampson,CLE,11,27,2.5,0,0,6,0,0,12/28
Bryce Young,CAR,9,27,3,1,3,11,0,0,12/28
Kenneth Gainwell,PIT,7,26,3.7,0,1,15,0,0,12/28
Connor Heyward,PIT,2,26,13,0,1,29,0,0,12/28
Trevor Lawrence,JAX,8,26,3.3,2,4,11,0,0,12/28
David Montgomery,DET,10,25,2.5,0,2,8,0,0,12/28
Deebo Samuel,WAS,2,25,12.5,0,1,29,0,0,12/28
Ty Chandler,MIN,7,24,3.4,0,1,5,0,0,12/28
Dak Prescott,DAL,4,24,6,0,3,12,0,0,12/28
Tyler Allgeier,ATL,10,23,2.3,0,1,6,0,0,12/28
Drake Maye,NE,3,22,7.3,0,2,11,0,0,12/28
Brian Robinson Jr.,SF,4,22,5.5,0,1,15,0,0,12/28
Raheim Sanders,CLE,8,21,2.6,0,0,6,0,0,12/28
DeeJay Dallas,JAX,2,21,10.5,0,1,17,0,0,12/28
Shedeur Sanders,CLE,4,20,5,0,0,11,0,0,12/28
Bucky Irving,TB,9,19,2.1,0,2,12,0,0,12/28
Caleb Williams,CHI,5,18,3.6,0,2,6,0,0,12/28
Blake Corum,LAR,6,18,3,0,0,5,0,0,12/28
Max Brosmer,MIN,2,16,8,0,1,11,1,0,12/28
Baker Mayfield,TB,3,16,5.3,0,2,11,2,1,12/28
Emanuel Wilson,GB,3,16,5.3,0,0,6,0,0,12/28
Ty Johnson,BUF,5,15,3,0,0,8,0,0,12/28
Chuba Hubbard,CAR,4,12,3,0,0,7,1,1,12/28
Chris Oladokun,KC,2,11,5.5,0,0,7,1,0,12/28
Emari Demercado,ARI,5,11,2.2,0,1,4,0,0,12/28
Isaiah Davis,NYJ,3,11,3.7,0,0,12,0,0,12/28
Tahj Brooks,CIN,3,10,3.3,0,1,5,0,0,12/28
Cam Ward,TEN,2,10,5,0,0,5,2,1,12/28
Skyy Moore,SF,1,10,10,0,1,10,0,0,12/28
Josh Johnson,WAS,2,10,5,0,0,5,0,0,12/28
Trayveon Williams,CLE,2,10,5,0,1,9,0,0,12/28
Rachaad White,TB,2,10,5,0,0,7,0,0,12/28
Jonnu Smith,PIT,2,9,4.5,0,0,7,0,0,12/28
Xavier Hutchinson,HOU,1,8,8,0,1,8,0,0,12/28
Sean Tucker,TB,2,8,4,0,1,6,0,0,12/28
Tre' Harris,LAC,1,7,7,0,0,7,0,0,12/28
Tank Bigsby,PHI,2,7,3.5,0,0,5,0,0,12/28
Chimere Dike,TEN,1,7,7,0,0,7,0,0,12/28
Jaylen Waddle,MIA,1,7,7,0,0,7,0,0,12/28
Aaron Rodgers,PIT,1,6,6,0,0,6,1,0,12/28
Tyler Shough,NO,4,6,1.5,0,0,7,1,0,12/28
Quinn Ewers,MIA,4,5,1.3,0,1,7,1,0,12/28
Jalen Hurts,PHI,3,5,1.7,0,0,4,0,0,12/28
Samaje Perine,CIN,3,5,1.7,1,2,3,0,0,12/28
D'Ernest Johnson,NE,4,5,1.3,0,0,3,0,0,12/28
Khalil Herbert,NYJ,2,5,2.5,0,0,4,0,0,12/28
Isaiah Williams,NYJ,1,5,5,0,0,5,0,0,12/28
Ronnie Rivers,LAR,1,5,5,0,1,5,0,0,12/28
Kalel Mullings,TEN,1,4,4,0,1,4,0,0,12/28
Ray Davis,BUF,1,4,4,0,1,4,0,0,12/28
Adam Prentice,DEN,2,3,1.5,0,1,3,0,0,12/28
LeQuint Allen Jr.,JAX,1,3,3,0,0,3,0,0,12/28
Josh Jacobs,GB,4,3,0.8,0,0,1,0,0,12/28
Evan Hull,NO,2,3,1.5,0,0,3,0,0,12/28
Jared Goff,DET,3,2,0.7,0,1,2,3,3,12/28
Will Shipley,PHI,2,2,1,0,0,4,0,0,12/28
Sam Darnold,SEA,3,2,0.7,0,0,3,2,1,12/28
Jaylin Noel,HOU,1,2,2,0,0,2,0,0,12/28
Joe Flacco,CIN,4,2,0.5,0,1,5,0,0,12/28
Joe Burrow,CIN,3,2,0.7,0,1,2,0,0,12/28
Corey Kiner,ARI,1,2,2,0,0,2,0,0,12/28
Tyjae Spears,TEN,6,2,0.3,0,0,1,0,0,12/28
Zamir White,LV,1,2,2,0,0,2,0,0,12/28
Brady Cook,NYJ,2,1,0.5,0,1,1,0,0,12/28
Xavier Worthy,KC,1,1,1,0,0,1,0,0,12/28
Jaret Patterson,LAC,1,1,1,0,0,1,0,0,12/28
Nick Chubb,HOU,1,1,1,0,0,1,0,0,12/28
Geno Smith,LV,1,1,1,0,0,1,0,0,12/28
Malik Washington,MIA,1,1,1,0,0,1,0,0,12/28
Mitchell Evans,CAR,1,1,1,0,1,1,0,0,12/28
Kirk Cousins,ATL,1,1,1,0,0,1,0,0,12/28
Tre Tucker,LV,2,0,0,0,1,10,0,0,12/28
Clayton Tune,GB,1,0,0,0,0,0,0,0,12/28
C.J. Stroud,HOU,4,0,0,0,0,2,0,0,12/28
Taysom Hill,NO,3,0,0,0,0,1,0,0,12/28
Philip Rivers,IND,1,-1,-1,0,0,-1,0,0,12/28
Joshua Dobbs,NE,2,-1,-0.5,0,0,0,0,0,12/28
Jeremy McNichols,WAS,1,-2,-2,0,0,-2,0,0,12/28
Parker Washington,JAX,1,-5,-5,0,0,-5,0,0,12/28
Greg Dulcich,MIA,1,-7,-7,0,0,-7,0,0,12/28
Jaylen Warren,PIT,14,143,10.2,2,4,45,0,0,12/21
Saquon Barkley,PHI,21,132,6.3,1,7,48,0,0,12/21
Derrick Henry,BAL,18,128,7.1,2,5,23,1,1,12/21
Ashton Jeanty,LV,24,128,5.3,1,3,51,0,0,12/21
James Cook III,BUF,16,117,7.3,2,5,44,0,0,12/21
Christian McCaffrey,SF,21,117,5.6,0,6,24,0,0,12/21
Tony Pollard,TEN,21,102,4.9,0,3,15,1,0,12/21
Kenneth Walker III,SEA,11,100,9.1,1,3,55,0,0,12/21
Omarion Hampton,LAC,16,85,5.3,1,4,18,0,0,12/21
Aaron Jones Sr.,MIN,21,85,4,0,5,15,0,0,12/21
Emanuel Wilson,GB,14,82,5.9,0,5,14,0,0,12/21
De'Von Achane,MIA,15,81,5.4,1,1,48,0,0,12/21
Tyler Allgeier,ATL,16,79,4.9,0,4,12,0,0,12/21
Bijan Robinson,ATL,16,76,4.8,0,4,29,0,0,12/21
Tyrone Tracy Jr.,NYG,16,71,4.4,0,3,18,0,0,12/21
Bucky Irving,TB,19,71,3.7,0,4,12,0,0,12/21
Kyren Williams,LAR,23,70,3,0,3,8,0,0,12/21
Chase Brown,CIN,12,66,5.5,1,2,12,0,0,12/21
Michael Carter,ARI,11,65,5.9,0,2,22,0,0,12/21
Chris Rodriguez Jr.,WAS,15,63,4.2,1,5,20,0,0,12/21
D'Andre Swift,CHI,13,58,4.5,0,2,9,0,0,12/21
Breece Hall,NYJ,16,54,3.4,0,5,7,0,0,12/21
Jawhar Jordan,HOU,15,53,3.5,0,3,12,0,0,12/21
Tyjae Spears,TEN,13,52,4,1,4,15,0,0,12/21
Rhamondre Stevenson,NE,8,51,6.4,1,3,21,0,0,12/21
Kyle Monangai,CHI,9,50,5.6,0,4,13,0,0,12/21
Travis Etienne Jr.,JAX,16,50,3.1,0,2,24,0,0,12/21
RJ Harvey,DEN,7,50,7.1,1,3,38,0,0,12/21
Kenneth Gainwell,PIT,9,50,5.6,0,3,18,0,0,12/21
Shedeur Sanders,CLE,4,49,12.3,0,2,16,0,0,12/21
Baker Mayfield,TB,4,49,12.3,0,2,26,0,0,12/21
Blake Corum,LAR,14,48,3.4,1,4,9,0,0,12/21
Devin Singletary,NYG,11,47,4.3,0,3,8,0,0,12/21
Jonathan Taylor,IND,16,46,2.9,1,4,7,0,0,12/21
Rachaad White,TB,5,45,9,0,1,39,0,0,12/21
Malik Willis,GB,10,44,4.4,0,3,13,1,0,12/21
Justin Herbert,LAC,8,42,5.3,1,3,34,1,0,12/21
Taysom Hill,NO,12,42,3.5,0,3,8,1,1,12/21
Raheim Sanders,CLE,11,42,3.8,0,4,9,0,0,12/21
Jalen Hurts,PHI,7,40,5.7,0,3,16,1,0,12/21
Tank Bigsby,PHI,4,37,9.3,1,2,22,0,0,12/21
Jaleel McLaughlin,DEN,5,37,7.4,0,1,16,0,0,12/21
Josh Jacobs,GB,12,36,3,0,2,7,1,1,12/21
Jaylen Wright,MIA,9,35,3.9,1,3,10,0,0,12/21
Javonte Williams,DAL,9,34,3.8,0,1,8,0,0,12/21
Isiah Pacheco,KC,8,34,4.3,0,2,6,0,0,12/21
Nick Chubb,HOU,6,33,5.5,0,1,30,0,0,12/21
Zach Charbonnet,SEA,9,32,3.6,1,3,9,0,0,12/21
Corey Kiner,ARI,6,32,5.3,0,2,9,0,0,12/21
Rashid Shaheed,SEA,1,31,31,0,1,31,0,0,12/21
Caleb Williams,CHI,3,30,10,0,1,12,0,0,12/21
Malachi Corley,CLE,3,30,10,0,2,14,0,0,12/21
Emari Demercado,ARI,5,30,6,0,1,12,0,0,12/21
Rico Dowdle,CAR,9,29,3.2,0,2,13,0,0,12/21
Jonnu Smith,PIT,2,28,14,0,1,20,0,0,12/21
Chuba Hubbard,CAR,6,27,4.5,0,4,10,0,0,12/21
Drake Maye,NE,10,25,2.5,0,3,16,2,1,12/21
Jacory Croskey-Merritt,WAS,8,25,3.1,1,2,13,0,0,12/21
Samaje Perine,CIN,7,25,3.6,1,3,7,0,0,12/21
Jimmy Horn Jr.,CAR,1,25,25,0,1,25,0,0,12/21
Malik Davis,DAL,8,23,2.9,0,2,8,0,0,12/21
Quinshon Judkins,CLE,8,22,2.8,0,2,5,0,0,12/21
J.J. McCarthy,MIN,2,20,10,1,1,12,1,1,12/21
Trevor Lawrence,JAX,6,20,3.3,1,5,10,0,0,12/21
Bryce Young,CAR,4,20,5,0,0,9,0,0,12/21
Brian Robinson Jr.,SF,5,20,4,0,1,11,0,0,12/21
Audric Estime,NO,5,19,3.8,0,2,5,0,0,12/21
Zay Flowers,BAL,1,18,18,1,1,18,1,1,12/21
Josh Allen,BUF,7,17,2.4,0,2,7,0,0,12/21
Trayveon Williams,CLE,3,17,5.7,0,1,11,0,0,12/21
Ty Johnson,BUF,3,16,5.3,1,2,9,0,0,12/21
Ray Davis,BUF,3,14,4.7,0,1,8,0,0,12/21
Hassan Haskins,LAC,4,14,3.5,0,1,7,0,0,12/21
Dak Prescott,DAL,2,14,7,0,1,8,0,0,12/21
David Montgomery,DET,4,14,3.5,0,1,17,0,0,12/21
KaVontae Turpin,DAL,2,13,6.5,0,0,9,0,0,12/21
Keaton Mitchell,BAL,9,13,1.4,0,1,5,0,0,12/21
DJ Moore,CHI,1,12,12,0,1,12,0,0,12/21
Mason Tipton,NO,1,12,12,0,1,12,0,0,12/21
Bo Nix,DEN,4,11,2.8,0,1,12,1,1,12/21
Brock Purdy,SF,2,11,5.5,0,1,9,1,0,12/21
Kimani Vidal,LAC,5,11,2.2,0,1,6,0,0,12/21
Tre Tucker,LV,2,11,5.5,0,0,8,0,0,12/21
LeQuint Allen Jr.,JAX,4,10,2.5,0,0,5,0,0,12/21
Tyler Goodson,IND,3,9,3,0,0,6,0,0,12/21
Savion Williams,GB,2,9,4.5,0,0,6,0,0,12/21
Aaron Rodgers,PIT,2,9,4.5,0,0,7,0,0,12/21
Cam Ward,TEN,4,9,2.3,0,1,11,0,0,12/21
Malik Washington,MIA,1,9,9,1,1,9,0,0,12/21
Gardner Minshew,KC,1,8,8,0,0,8,0,0,12/21
Tyler Shough,NO,2,8,4,0,0,4,0,0,12/21
Isaiah Davis,NYJ,3,8,2.7,0,0,5,0,0,12/21
Jordan Love,GB,2,7,3.5,0,1,7,1,0,12/21
Joe Milton III,DAL,1,7,7,0,0,7,1,1,12/21
Chris Oladokun,KC,2,7,3.5,0,0,5,1,0,12/21
Tahj Brooks,CIN,4,7,1.8,0,0,3,0,0,12/21
Sam Darnold,SEA,3,7,2.3,0,1,4,0,0,12/21
Jaxson Dart,NYG,2,7,3.5,0,1,4,0,0,12/21
Lamar Jackson,BAL,2,7,3.5,0,0,4,0,0,12/21
Matthew Stafford,LAR,2,6,3,0,0,4,0,0,12/21
Jayden Reed,GB,1,6,6,0,0,6,0,0,12/21
Joe Burrow,CIN,2,6,3,0,1,5,0,0,12/21
Raheem Mostert,LV,1,6,6,0,0,6,0,0,12/21
Quinn Ewers,MIA,2,5,2.5,0,0,5,0,0,12/21
Jordan Mason,MIN,2,5,2.5,0,0,5,0,0,12/21
Jacoby Brissett,ARI,1,5,5,0,1,5,0,0,12/21
Chris Brooks,GB,1,4,4,0,0,4,0,0,12/21
Zavier Scott,MIN,2,4,2,0,1,4,0,0,12/21
Matthew Golden,GB,2,4,2,0,0,3,0,0,12/21
Jeremy McNichols,WAS,1,3,3,0,0,3,0,0,12/21
Marvin Mims Jr.,DEN,1,3,3,0,0,3,0,0,12/21
Evan Hull,NO,5,3,0.6,0,0,3,0,0,12/21
C.J. Ham,MIN,1,3,3,0,0,3,0,0,12/21
Wan'Dale Robinson,NYG,1,3,3,0,0,3,0,0,12/21
Sean Tucker,TB,4,3,0.8,1,1,3,0,0,12/21
TreVeyon Henderson,NE,5,3,0.6,0,0,6,0,0,12/21
Mark Andrews,BAL,1,3,3,0,1,3,0,0,12/21
Josh Downs,IND,1,3,3,0,0,3,0,0,12/21
Jahmyr Gibbs,DET,7,2,0.3,0,1,6,1,0,12/21
Brady Cook,NYJ,1,2,2,0,0,2,1,1,12/21
Kareem Hunt,KC,3,2,0.7,0,1,2,0,0,12/21
Tyler Huntley,BAL,2,2,1,0,0,3,0,0,12/21
Harold Fannin Jr.,CLE,1,1,1,1,1,1,0,0,12/21
Julius Chestnut,TEN,1,1,1,0,1,1,0,0,12/21
AJ Barner,SEA,1,1,1,0,1,1,0,0,12/21
Jakobi Meyers,JAX,1,1,1,0,0,1,0,0,12/21
Ke'Shawn Williams,CIN,1,1,1,0,0,1,0,0,12/21
Jalen McMillan,TB,1,1,1,0,0,1,0,0,12/21
Josh Johnson,WAS,1,0,0,0,0,0,1,0,12/21
Kalel Mullings,TEN,1,0,0,0,0,0,0,0,12/21
C.J. Stroud,HOU,4,0,0,0,0,2,1,0,12/21
Hunter Luepke,DAL,1,0,0,0,0,0,0,0,12/21
Xavier Worthy,KC,1,0,0,0,0,0,0,0,12/21
Ollie Gordon II,MIA,1,-1,-1,0,0,-1,0,0,12/21
Marcus Mariota,WAS,1,-1,-1,0,0,-1,0,0,12/21
Isaiah Bond,CLE,1,-1,-1,0,0,-1,0,0,12/21
Jared Goff,DET,1,-1,-1,0,0,-1,0,0,12/21
Tanner McKee,PHI,2,-2,-1,0,0,-1,0,0,12/21
Kirk Cousins,ATL,5,-3,-0.6,1,2,2,1,1,12/21
Dare Ogunbowale,HOU,1,-3,-3,0,0,-3,0,0,12/21
Max Brosmer,MIN,3,-3,-1,0,0,-1,0,0,12/21
Mac Jones,SF,3,-3,-1,0,0,-1,0,0,12/21
TreVeyon Henderson,NE,14,148,10.6,2,5,65,0,0,12/14
James Cook III,BUF,22,107,4.9,2,4,12,0,0,12/14
Tony Pollard,TEN,14,104,7.4,1,4,22,0,0,12/14
Jawhar Jordan,HOU,15,101,6.7,0,4,50,0,0,12/14
Derrick Henry,BAL,11,100,9.1,0,4,29,0,0,12/14
D'Andre Swift,CHI,18,98,5.4,2,6,17,0,0,12/14
Jacory Croskey-Merritt,WAS,18,96,5.3,1,7,16,1,0,12/14
Bijan Robinson,ATL,19,93,4.9,1,5,14,1,1,12/14
Javonte Williams,DAL,15,91,6.1,1,7,21,0,0,12/14
Jonathan Taylor,IND,25,87,3.5,0,5,11,0,0,12/14
Kenneth Gainwell,PIT,13,80,6.2,0,3,38,0,0,12/14
Kyren Williams,LAR,15,78,5.2,2,4,19,0,0,12/14
Saquon Barkley,PHI,22,78,3.5,1,4,17,0,0,12/14
Christian McCaffrey,SF,22,73,3.3,1,2,9,0,0,12/14
Josh Jacobs,GB,12,73,6.1,1,3,40,0,0,12/14
Blake Corum,LAR,11,71,6.5,1,4,24,0,0,12/14
Tyrone Tracy Jr.,NYG,15,70,4.7,1,5,12,0,0,12/14
Keaton Mitchell,BAL,8,66,8.3,0,3,22,0,0,12/14
RJ Harvey,DEN,19,65,3.4,1,2,8,1,1,12/14
Jaxson Dart,NYG,9,63,7,0,2,29,1,0,12/14
Omarion Hampton,LAC,15,61,4.1,0,5,26,0,0,12/14
Bucky Irving,TB,16,60,3.8,0,3,16,0,0,12/14
De'Von Achane,MIA,12,60,5,0,1,15,0,0,12/14
Isaiah Davis,NYJ,9,58,6.4,1,2,24,0,0,12/14
Tank Bigsby,PHI,17,57,3.4,0,3,13,0,0,12/14
Michael Carter,ARI,14,56,4,0,4,8,0,0,12/14
Chase Brown,CIN,13,53,4.1,0,3,10,0,0,12/14
Trevor Lawrence,JAX,5,51,10.2,1,3,20,0,0,12/14
Rhamondre Stevenson,NE,6,50,8.3,0,4,15,0,0,12/14
Rico Dowdle,CAR,16,49,3.1,1,2,8,0,0,12/14
Bryce Young,CAR,7,49,7,0,3,15,0,0,12/14
Josh Allen,BUF,11,48,4.4,0,4,20,0,0,12/14
Brock Purdy,SF,7,44,6.3,0,4,26,1,1,12/14
Marcus Mariota,WAS,10,43,4.3,0,0,11,2,1,12/14
Drake Maye,NE,4,43,10.8,2,4,17,0,0,12/14
Samaje Perine,CIN,14,42,3,0,3,8,1,0,12/14
Jalen Hurts,PHI,7,39,5.6,0,4,13,0,0,12/14
Brady Cook,NYJ,6,39,6.5,0,2,12,0,0,12/14
Jahmyr Gibbs,DET,13,38,2.9,0,0,6,0,0,12/14
Ashton Jeanty,LV,9,35,3.9,0,1,11,0,0,12/14
Aaron Jones Sr.,MIN,12,34,2.8,0,3,16,0,0,12/14
Tyjae Spears,TEN,3,34,11.3,0,3,20,0,0,12/14
Kimani Vidal,LAC,12,33,2.8,0,1,8,0,0,12/14
Kyle Monangai,CHI,11,33,3,0,1,9,0,0,12/14
Jaylen Warren,PIT,12,33,2.8,0,1,6,0,0,12/14
David Montgomery,DET,7,32,4.6,1,3,10,0,0,12/14
Tyler Shough,NO,8,32,4,0,2,13,0,0,12/14
Travis Etienne Jr.,JAX,12,32,2.7,0,3,8,0,0,12/14
Zach Charbonnet,SEA,8,31,3.9,0,4,8,0,0,12/14
Woody Marks,HOU,7,30,4.3,0,3,11,0,0,12/14
Jordan Mason,MIN,10,29,2.9,0,1,9,0,0,12/14
Jordan Love,GB,3,29,9.7,0,2,24,0,0,12/14
Chuba Hubbard,CAR,8,29,3.6,0,2,10,0,0,12/14
Devin Neal,NO,7,28,4,1,3,15,0,0,12/14
Lamar Jackson,BAL,2,26,13,0,2,14,1,0,12/14
Shedeur Sanders,CLE,2,24,12,0,1,15,0,0,12/14
Breece Hall,NYJ,12,23,1.9,0,1,13,0,0,12/14
Quinshon Judkins,CLE,12,21,1.8,0,0,4,0,0,12/14
Malik Davis,DAL,8,21,2.6,1,3,6,0,0,12/14
Isiah Pacheco,KC,11,21,1.9,0,1,7,0,0,12/14
Brian Robinson Jr.,SF,9,21,2.3,0,1,6,0,0,12/14
Rachaad White,TB,1,20,20,0,1,20,0,0,12/14
Tyler Allgeier,ATL,2,18,9,0,1,15,0,0,12/14
Kenneth Walker III,SEA,9,17,1.9,0,0,6,0,0,12/14
Hunter Luepke,DAL,3,16,5.3,0,1,8,0,0,12/14
Ameer Abdullah,IND,4,15,3.8,0,0,8,0,0,12/14
J.J. McCarthy,MIN,4,15,3.8,1,2,8,0,0,12/14
Patrick Mahomes,KC,2,15,7.5,1,1,12,0,0,12/14
Jonnu Smith,PIT,1,14,14,1,1,14,0,0,12/14
Caleb Williams,CHI,3,13,4.3,0,1,14,1,0,12/14
Ty Johnson,BUF,4,13,3.3,0,1,9,0,0,12/14
Devin Singletary,NYG,5,13,2.6,0,0,8,0,0,12/14
Kareem Hunt,KC,6,12,2,0,4,4,0,0,12/14
Evan Hull,NO,4,12,3,0,0,6,0,0,12/14
Corey Kiner,ARI,2,11,5.5,0,1,7,0,0,12/14
Audric Estime,NO,3,11,3.7,0,1,5,0,0,12/14
LeQuint Allen Jr.,JAX,4,11,2.8,0,0,6,0,0,12/14
Chris Brooks,GB,2,10,5,0,0,7,0,0,12/14
C.J. Stroud,HOU,6,10,1.7,0,2,6,1,0,12/14
Bo Nix,DEN,7,10,1.4,0,2,4,0,0,12/14
Tanner McKee,PHI,1,9,9,0,1,9,0,0,12/14
Marvin Mims Jr.,DEN,1,8,8,0,0,8,0,0,12/14
Puka Nacua,LAR,2,8,4,0,0,6,0,0,12/14
Sean Tucker,TB,4,7,1.8,1,1,6,0,0,12/14
Kenny Pickett,LV,2,7,3.5,0,1,8,0,0,12/14
Bhayshul Tuten,JAX,1,7,7,0,0,7,0,0,12/14
Jeremy McNichols,WAS,9,6,0.7,0,1,6,1,1,12/14
Brandon Aubrey,DAL,1,6,6,0,1,6,0,0,12/14
Jacoby Brissett,ARI,3,6,2,0,1,3,0,0,12/14
Sam Darnold,SEA,4,5,1.3,0,2,4,1,0,12/14
Andrew Beck,NYJ,1,5,5,0,1,5,0,0,12/14
Joe Burrow,CIN,2,5,2.5,0,0,3,0,0,12/14
DeMario Douglas,NE,1,5,5,0,0,5,0,0,12/14
Khalil Herbert,NYJ,2,5,2.5,0,0,3,0,0,12/14
Brian Thomas Jr.,JAX,1,5,5,0,0,5,0,0,12/14
Dyami Brown,JAX,1,4,4,0,0,4,1,1,12/14
Jaleel McLaughlin,DEN,2,4,2,0,0,2,0,0,12/14
Dylan Laube,LV,2,4,2,0,0,3,0,0,12/14
John Metchie III,NYJ,1,4,4,0,0,4,0,0,12/14
Connor Heyward,PIT,4,4,1,1,3,2,0,0,12/14
Kaleb Johnson,PIT,2,4,2,0,0,3,0,0,12/14
Emanuel Wilson,GB,2,3,1.5,0,0,2,0,0,12/14
Kalel Mullings,TEN,1,3,3,0,1,3,0,0,12/14
Trayveon Williams,CLE,1,3,3,0,1,3,0,0,12/14
Troy Franklin,DEN,1,3,3,0,0,3,0,0,12/14
Matthew Stafford,LAR,1,2,2,0,0,2,1,0,12/14
Dare Ogunbowale,HOU,5,2,0.4,0,0,4,0,0,12/14
Harold Fannin Jr.,CLE,1,2,2,0,0,2,0,0,12/14
Dak Prescott,DAL,1,2,2,0,0,2,0,0,12/14
KaVontae Turpin,DAL,1,2,2,0,0,2,0,0,12/14
Taysom Hill,NO,2,2,1,0,1,2,0,0,12/14
Cam Ward,TEN,1,2,2,0,1,2,0,0,12/14
Jaylen Wright,MIA,1,2,2,0,0,2,0,0,12/14
Baker Mayfield,TB,1,1,1,0,0,1,0,0,12/14
C.J. Ham,MIN,1,1,1,1,1,1,0,0,12/14
Brashard Smith,KC,2,1,0.5,0,0,2,0,0,12/14
Emari Demercado,ARI,1,1,1,0,0,1,0,0,12/14
Tua Tagovailoa,MIA,1,1,1,0,0,1,0,0,12/14
Philip Rivers,IND,1,0,0,0,0,0,1,0,12/14
Bo Melton,GB,1,0,0,0,0,0,0,0,12/14
Justin Herbert,LAC,2,0,0,0,0,1,0,0,12/14
Ollie Gordon II,MIA,2,0,0,0,0,4,0,0,12/14
Adam Prentice,DEN,1,-1,-1,0,0,-1,0,0,12/14
Nick Mullens,JAX,3,-2,-0.7,0,0,0,0,0,12/14
Colston Loveland,CHI,1,-2,-2,0,0,-2,0,0,12/14
Jalen Nailor,MIN,1,-2,-2,0,0,-2,0,0,12/14
Bam Knight,ARI,1,-2,-2,0,0,-2,0,0,12/14
Tyler Huntley,BAL,3,-3,-1,0,0,-1,0,0,12/14
Rashid Shaheed,SEA,1,-3,-3,0,0,-3,0,0,12/14
Mason Tipton,NO,1,-4,-4,0,0,-4,1,0,12/14
Adonai Mitchell,NYJ,1,-4,-4,0,0,-4,0,0,12/14
Chimere Dike,TEN,1,-7,-7,0,0,-7,0,0,12/14
Tony Pollard,TEN,25,161,6.4,2,4,65,0,0,12/7
Blake Corum,LAR,12,128,10.7,2,6,48,0,0,12/7
Saquon Barkley,PHI,20,122,6.1,1,5,52,0,0,12/7
Jaylen Wright,MIA,24,107,4.5,1,7,12,0,0,12/7
Derrick Henry,BAL,25,94,3.8,0,6,19,0,0,12/7
De'Von Achane,MIA,7,92,13.1,1,3,39,0,0,12/7
Bijan Robinson,ATL,20,86,4.3,0,3,11,1,1,12/7
Josh Jacobs,GB,20,86,4.3,1,7,21,0,0,12/7
Kyren Williams,LAR,13,84,6.5,1,7,18,0,0,12/7
James Cook III,BUF,18,80,4.4,0,2,18,2,1,12/7
Josh Allen,BUF,9,78,8.7,1,4,40,0,0,12/7
Aaron Jones Sr.,MIN,14,76,5.4,0,4,18,0,0,12/7
Keaton Mitchell,BAL,6,76,12.7,0,1,55,0,0,12/7
RJ Harvey,DEN,17,75,4.4,1,6,15,0,0,12/7
Jonathan Taylor,IND,21,74,3.5,1,3,14,1,1,12/7
Travis Etienne Jr.,JAX,20,74,3.7,2,3,28,0,0,12/7
Devin Neal,NO,19,70,3.7,1,3,21,0,0,12/7
Woody Marks,HOU,26,68,2.6,0,3,8,0,0,12/7
Javonte Williams,DAL,17,67,3.9,1,5,11,0,0,12/7
Justin Herbert,LAC,10,66,6.6,0,4,15,2,1,12/7
D'Andre Swift,CHI,13,63,4.8,0,4,8,0,0,12/7
David Montgomery,DET,6,60,10,1,4,35,0,0,12/7
Patrick Mahomes,KC,7,59,8.4,0,1,15,0,0,12/7
Kyle Monangai,CHI,14,57,4.1,0,1,9,0,0,12/7
Omarion Hampton,LAC,13,56,4.3,0,4,18,0,0,12/7
Tyler Shough,NO,7,55,7.9,2,3,34,0,0,12/7
Bucky Irving,TB,15,55,3.7,0,3,32,0,0,12/7
Rachaad White,TB,11,53,4.8,0,3,11,0,0,12/7
Jordan Mason,MIN,11,52,4.7,1,3,12,0,0,12/7
Chris Rodriguez Jr.,WAS,10,52,5.2,0,2,15,0,0,12/7
Zach Charbonnet,SEA,7,46,6.6,0,1,27,0,0,12/7
Kimani Vidal,LAC,14,44,3.1,0,1,8,0,0,12/7
Breece Hall,NYJ,14,43,3.1,0,1,11,0,0,12/7
Jahmyr Gibbs,DET,12,43,3.6,3,4,19,0,0,12/7
Lamar Jackson,BAL,7,43,6.1,1,3,9,0,0,12/7
Baker Mayfield,TB,6,42,7,0,3,16,0,0,12/7
Ronnie Rivers,LAR,8,41,5.1,0,2,9,0,0,12/7
Tyler Allgeier,ATL,11,34,3.1,0,3,9,0,0,12/7
Velus Jones Jr.,SEA,4,32,8,0,1,25,0,0,12/7
Jacory Croskey-Merritt,WAS,7,32,4.6,0,1,10,0,0,12/7
Samaje Perine,CIN,6,31,5.2,0,3,9,0,0,12/7
Kareem Hunt,KC,12,30,2.5,1,3,6,0,0,12/7
Isiah Pacheco,KC,9,30,3.3,0,2,6,0,0,12/7
Ashton Jeanty,LV,10,30,3,0,2,6,0,0,12/7
Kenneth Walker III,SEA,10,29,2.9,0,2,10,0,0,12/7
Shedeur Sanders,CLE,3,29,9.7,1,2,14,0,0,12/7
Sean Tucker,TB,7,29,4.1,1,2,13,0,0,12/7
Quinshon Judkins,CLE,14,26,1.9,0,2,14,0,0,12/7
Ty Johnson,BUF,2,25,12.5,0,1,23,0,0,12/7
Sam Darnold,SEA,3,23,7.7,0,2,12,0,0,12/7
Chase Brown,CIN,12,23,1.9,1,1,5,0,0,12/7
Adam Prentice,DEN,2,22,11,0,2,18,0,0,12/7
Isaiah Davis,NYJ,2,22,11,0,2,19,0,0,12/7
Jayden Reed,GB,2,22,11,0,1,15,0,0,12/7
Jaleel McLaughlin,DEN,4,22,5.5,0,1,11,0,0,12/7
Jacoby Brissett,ARI,4,22,5.5,0,1,11,0,0,12/7
Jaylen Waddle,MIA,1,21,21,0,1,21,0,0,12/7
Tyjae Spears,TEN,8,19,2.4,0,2,8,0,0,12/7
J.J. McCarthy,MIN,6,19,3.2,0,2,16,0,0,12/7
Ollie Gordon II,MIA,5,17,3.4,1,2,12,0,0,12/7
Jayden Daniels,WAS,4,16,4,0,1,5,0,0,12/7
Tyler Badie,DEN,4,16,4,0,1,7,0,0,12/7
Bam Knight,ARI,7,16,2.3,0,1,5,0,0,12/7
Trevor Lawrence,JAX,4,16,4,0,3,7,0,0,12/7
Zavier Scott,MIN,3,15,5,0,1,10,0,0,12/7
Caleb Williams,CHI,4,15,3.8,0,2,6,0,0,12/7
Bo Nix,DEN,3,15,5,1,1,8,0,0,12/7
Kenneth Gainwell,PIT,4,15,3.8,1,2,6,0,0,12/7
Dak Prescott,DAL,3,14,4.7,0,2,12,1,0,12/7
Michael Carter,ARI,3,13,4.3,0,0,9,0,0,12/7
Jaylen Warren,PIT,8,13,1.6,0,0,5,0,0,12/7
Audric Estime,NO,3,11,3.7,0,1,9,0,0,12/7
Emanuel Wilson,GB,3,10,3.3,0,0,5,0,0,12/7
Jakobi Meyers,JAX,3,9,3,0,1,4,0,0,12/7
Jalen Hurts,PHI,4,8,2,0,0,8,1,1,12/7
Ja'Marr Chase,CIN,1,8,8,0,0,8,0,0,12/7
Marcus Mariota,WAS,2,7,3.5,0,0,4,1,1,12/7
Jameson Williams,DET,1,7,7,0,0,7,0,0,12/7
Brashard Smith,KC,1,7,7,0,0,7,0,0,12/7
Malik Davis,DAL,3,6,2,0,0,3,0,0,12/7
Kenny Pickett,LV,1,6,6,0,1,6,0,0,12/7
Dare Ogunbowale,HOU,1,5,5,1,1,5,0,0,12/7
Bhayshul Tuten,JAX,2,5,2.5,0,1,6,2,1,12/7
C.J. Stroud,HOU,2,5,2.5,0,1,3,0,0,12/7
Riley Leonard,IND,2,5,2.5,1,1,6,0,0,12/7
Dylan Sampson,CLE,2,4,2,0,1,4,1,1,12/7
Ameer Abdullah,IND,1,4,4,0,0,4,0,0,12/7
KaVontae Turpin,DAL,1,4,4,0,0,4,0,0,12/7
Cam Ward,TEN,2,4,2,0,1,2,0,0,12/7
Geno Smith,LV,1,4,4,0,0,4,0,0,12/7
Darren Waller,MIA,1,4,4,0,1,4,0,0,12/7
Evan Hull,NO,1,4,4,0,0,4,0,0,12/7
Daniel Jones,IND,1,4,4,0,0,4,0,0,12/7
Kaleb Johnson,PIT,2,4,2,0,0,5,0,0,12/7
Tank Bigsby,PHI,1,4,4,0,0,4,0,0,12/7
Luther Burden III,CHI,1,3,3,0,0,3,0,0,12/7
Nick Chubb,HOU,1,3,3,0,0,3,0,0,12/7
Tre' Harris,LAC,1,3,3,0,0,3,0,0,12/7
Rasheen Ali,BAL,1,2,2,0,0,2,0,0,12/7
Malachi Corley,CLE,1,2,2,0,0,2,0,0,12/7
Marvin Mims Jr.,DEN,1,2,2,0,0,2,0,0,12/7
Tyler Warren,IND,1,2,2,0,1,2,0,0,12/7
Connor Heyward,PIT,1,2,2,0,1,2,0,0,12/7
Zay Flowers,BAL,1,2,2,0,0,2,0,0,12/7
Malik Cunningham,DET,1,1,1,0,0,1,0,0,12/7
Jaylin Noel,HOU,1,1,1,0,0,1,0,0,12/7
Drew Lock,SEA,1,0,0,0,0,0,1,0,12/7
Tua Tagovailoa,MIA,1,0,0,0,0,0,1,0,12/7
Brady Cook,NYJ,1,0,0,0,0,0,2,0,12/7
Aaron Rodgers,PIT,2,0,0,1,1,1,0,0,12/7
Jaxon Smith-Njigba,SEA,1,-1,-1,0,0,-1,1,0,12/7
Taysom Hill,NO,2,-1,-0.5,0,0,2,1,0,12/7
Jordan Love,GB,1,-1,-1,0,0,-1,0,0,12/7
Nick Mullens,JAX,3,-1,-0.3,0,0,0,0,0,12/7
Jared Goff,DET,2,-2,-1,0,0,-1,0,0,12/7
Zach Wilson,MIA,2,-2,-1,0,0,-1,0,0,12/7
Jimmy Garoppolo,LAR,3,-4,-1.3,0,0,-1,0,0,12/7
James Cook III,BUF,32,144,4.5,0,6,31,2,1,11/30
Bijan Robinson,ATL,23,142,6.2,1,9,26,0,0,11/30
De'Von Achane,MIA,22,134,6.1,1,6,29,0,0,11/30
Kyle Monangai,CHI,22,130,5.9,1,6,31,0,0,11/30
Kimani Vidal,LAC,25,126,5,1,5,59,0,0,11/30
D'Andre Swift,CHI,18,125,6.9,1,6,23,0,0,11/30
Quinshon Judkins,CLE,23,91,4,0,6,17,0,0,11/30
Jonathan Taylor,IND,21,85,4,0,5,12,0,0,11/30
Josh Jacobs,GB,17,83,4.9,0,2,29,0,0,11/30
Chuba Hubbard,CAR,17,83,4.9,0,6,10,0,0,11/30
Blake Corum,LAR,7,81,11.6,1,5,34,0,0,11/30
Chase Brown,CIN,15,78,5.2,0,4,18,0,0,11/30
Kyren Williams,LAR,13,72,5.5,1,4,12,0,0,11/30
Jahmyr Gibbs,DET,20,68,3.4,0,3,18,0,0,11/30
Breece Hall,NYJ,19,68,3.6,1,3,9,0,0,11/30
Devin Singletary,NYG,12,68,5.7,1,4,22,0,0,11/30
TreVeyon Henderson,NE,11,67,6.1,0,3,26,0,0,11/30
Woody Marks,HOU,19,64,3.4,0,3,16,1,0,11/30
Bam Knight,ARI,11,62,5.6,0,4,16,1,1,11/30
Ray Davis,BUF,9,62,6.9,0,4,15,0,0,11/30
Bucky Irving,TB,17,61,3.6,1,3,13,0,0,11/30
Tony Pollard,TEN,10,60,6,0,4,15,1,1,11/30
Derrick Henry,BAL,10,60,6,1,3,28,0,0,11/30
Javonte Williams,DAL,17,59,3.5,0,1,11,0,0,11/30
Kareem Hunt,KC,14,58,4.1,0,3,14,0,0,11/30
Rico Dowdle,CAR,18,58,3.2,0,2,17,0,0,11/30
Saquon Barkley,PHI,13,56,4.3,0,1,15,0,0,11/30
Kenneth Walker III,SEA,13,56,4.3,0,3,24,0,0,11/30
Marcus Mariota,WAS,10,55,5.5,0,5,19,1,0,11/30
Jaret Patterson,LAC,11,54,4.9,1,3,22,0,0,11/30
Christian McCaffrey,SF,20,53,2.7,1,4,7,0,0,11/30
Zach Charbonnet,SEA,14,52,3.7,1,4,17,0,0,11/30
Malik Davis,DAL,3,47,15.7,1,1,43,0,0,11/30
Jordan Mason,MIN,6,47,7.8,0,2,24,1,0,11/30
Devin Neal,NO,14,47,3.4,0,3,8,0,0,11/30
Tyrod Taylor,NYJ,8,44,5.5,1,4,14,0,0,11/30
Chris Rodriguez Jr.,WAS,11,41,3.7,1,2,11,0,0,11/30
Rhamondre Stevenson,NE,12,40,3.3,0,1,9,0,0,11/30
Samaje Perine,CIN,14,39,2.8,0,2,12,1,1,11/30
Josh Allen,BUF,8,38,4.8,1,4,11,0,0,11/30
Tyrone Tracy Jr.,NYG,10,36,3.6,0,3,9,0,0,11/30
Jaylen Warren,PIT,10,35,3.5,1,4,12,0,0,11/30
RJ Harvey,DEN,13,35,2.7,2,3,11,0,0,11/30
Nick Chubb,HOU,9,34,3.8,1,1,13,0,0,11/30
KaVontae Turpin,DAL,3,33,11,0,1,25,0,0,11/30
David Montgomery,DET,8,32,4,1,3,14,1,0,11/30
Jalen Hurts,PHI,4,31,7.8,0,1,23,1,1,11/30
Ashton Jeanty,LV,15,31,2.1,0,1,9,0,0,11/30
Patrick Mahomes,KC,3,30,10,0,3,16,0,0,11/30
Jeremy McNichols,WAS,6,30,5,0,2,16,0,0,11/30
Travis Etienne Jr.,JAX,12,28,2.3,0,1,6,0,0,11/30
Lamar Jackson,BAL,6,27,4.5,0,3,11,2,2,11/30
Baker Mayfield,TB,6,27,4.5,0,1,21,1,0,11/30
Brian Robinson Jr.,SF,8,26,3.3,0,1,9,0,0,11/30
Trevor Lawrence,JAX,3,25,8.3,0,1,14,0,0,11/30
Jared Goff,DET,1,24,24,0,1,24,0,0,11/30
Jaleel McLaughlin,DEN,6,24,4,0,1,14,0,0,11/30
Dylan Sampson,CLE,4,23,5.8,0,1,9,0,0,11/30
Bryce Young,CAR,5,23,4.6,0,1,24,0,0,11/30
Tyler Allgeier,ATL,8,20,2.5,1,2,12,0,0,11/30
Kenneth Gainwell,PIT,5,20,4,0,1,11,0,0,11/30
Jacory Croskey-Merritt,WAS,4,20,5,0,1,12,0,0,11/30
Jaxson Dart,NYG,4,20,5,0,2,12,0,0,11/30
Keaton Mitchell,BAL,2,19,9.5,1,1,18,0,0,11/30
Tyler Shough,NO,6,18,3,0,1,8,1,1,11/30
Rasheen Ali,BAL,4,17,4.3,0,1,9,0,0,11/30
Bhayshul Tuten,JAX,8,17,2.1,1,1,7,0,0,11/30
Zavier Scott,MIN,3,17,5.7,0,1,9,0,0,11/30
Michael Carter,ARI,5,17,3.4,0,1,8,0,0,11/30
Bo Nix,DEN,2,16,8,0,1,11,1,0,11/30
Isiah Pacheco,KC,3,16,5.3,0,0,9,0,0,11/30
Jaylen Wright,MIA,3,16,5.3,0,2,8,0,0,11/30
Jacoby Brissett,ARI,3,16,5.3,0,1,8,0,0,11/30
Bo Melton,GB,2,15,7.5,0,1,14,0,0,11/30
Evan Hull,NO,5,15,3,0,2,5,0,0,11/30
Emanuel Wilson,GB,4,14,3.5,0,2,5,0,0,11/30
Caleb Williams,CHI,5,13,2.6,0,4,5,0,0,11/30
Xavier Worthy,KC,2,13,6.5,0,1,17,0,0,11/30
Drake Maye,NE,6,12,2,0,3,8,0,0,11/30
DJ Moore,CHI,1,10,10,0,1,10,0,0,11/30
Ollie Gordon II,MIA,3,10,3.3,0,0,9,0,0,11/30
Malachi Corley,CLE,1,9,9,0,0,9,0,0,11/30
Isaiah Bond,CLE,1,9,9,0,1,9,0,0,11/30
Rashid Shaheed,SEA,1,9,9,0,0,9,0,0,11/30
Marvin Mims Jr.,DEN,1,9,9,0,0,9,0,0,11/30
Joe Burrow,CIN,3,8,2.7,0,2,3,0,0,11/30
Justin Herbert,LAC,3,8,2.7,0,0,4,0,0,11/30
Cam Ward,TEN,1,7,7,0,1,7,1,0,11/30
Rachaad White,TB,2,7,3.5,0,0,5,0,0,11/30
Nico Collins,HOU,1,7,7,1,1,7,0,0,11/30
Dontayvion Wicks,GB,1,6,6,0,0,6,0,0,11/30
Shedeur Sanders,CLE,1,6,6,0,0,6,0,0,11/30
Demarcus Robinson,SF,1,6,6,0,0,6,0,0,11/30
Raheem Mostert,LV,1,6,6,0,0,6,0,0,11/30
Myles Gaskin,SEA,3,6,2,0,0,3,0,0,11/30
Deven Thompkins,ATL,1,5,5,0,0,5,0,0,11/30
Ty Johnson,BUF,2,5,2.5,0,2,3,0,0,11/30
Jordan Love,GB,5,4,0.8,0,0,5,1,0,11/30
Tua Tagovailoa,MIA,4,4,1,0,0,3,1,0,11/30
Brock Purdy,SF,2,4,2,1,1,2,0,0,11/30
Trey Lance,LAC,4,4,1,0,0,4,0,0,11/30
Cade Stover,HOU,4,3,0.8,0,2,2,0,0,11/30
Aaron Jones Sr.,MIN,6,3,0.5,0,0,4,1,1,11/30
Adam Prentice,DEN,1,3,3,0,1,3,0,0,11/30
Christian Watson,GB,1,3,3,0,0,3,0,0,11/30
Drew Sample,CIN,1,3,3,0,0,3,0,0,11/30
Luther Burden III,CHI,1,3,3,0,0,3,0,0,11/30
Jakobi Meyers,JAX,1,3,3,0,0,3,0,0,11/30
Kaleb Johnson,PIT,2,3,1.5,0,0,2,0,0,11/30
Rashee Rice,KC,1,2,2,0,0,2,1,0,11/30
Mac Jones,SF,2,2,1,0,1,3,0,0,11/30
Taysom Hill,NO,1,2,2,0,0,2,0,0,11/30
AJ Barner,SEA,1,2,2,0,1,2,0,0,11/30
Chimere Dike,TEN,1,1,1,0,0,1,1,1,11/30
Daniel Jones,IND,1,1,1,0,0,1,1,0,11/30
Harold Fannin Jr.,CLE,1,0,0,0,0,0,1,1,11/30
Tyler Warren,IND,1,0,0,0,0,0,1,0,11/30
Aaron Rodgers,PIT,1,0,0,0,0,0,1,1,11/30
C.J. Stroud,HOU,1,0,0,0,0,0,0,0,11/30
Sean Tucker,TB,2,0,0,0,1,2,0,0,11/30
Matthew Stafford,LAR,1,-1,-1,0,0,-1,1,1,11/30
Tyjae Spears,TEN,2,-1,-0.5,0,0,2,0,0,11/30
Mason Tipton,NO,1,-1,-1,0,0,-1,0,0,11/30
Max Brosmer,MIN,1,-1,-1,0,0,-1,0,0,11/30
Dak Prescott,DAL,3,-2,-0.7,0,0,0,0,0,11/30
John Metchie III,NYJ,1,-2,-2,0,0,-2,0,0,11/30
Deebo Samuel,WAS,2,-3,-1.5,0,0,-1,1,0,11/30
Nick Mullens,JAX,3,-3,-1,0,0,-1,0,0,11/30
Jameson Williams,DET,1,-5,-5,0,0,-5,0,0,11/30
Geno Smith,LV,2,-6,-3,0,0,-1,1,0,11/30
Jamie Gillan,NYG,1,-13,-13,0,0,-13,0,0,11/30
Jahmyr Gibbs,DET,15,219,14.6,2,7,69,0,0,11/25
James Cook III,BUF,17,116,6.8,1,3,45,0,0,11/25
Chase Brown,CIN,19,107,5.6,0,7,21,0,0,11/25
Emanuel Wilson,GB,28,107,3.8,2,9,12,0,0,11/25
Kareem Hunt,KC,30,104,3.5,1,10,18,1,1,11/25
Kenneth Gainwell,PIT,10,92,9.2,0,3,55,0,0,11/25
Christian McCaffrey,SF,24,89,3.7,1,6,17,1,0,11/25
Javonte Williams,DAL,20,87,4.4,0,4,20,0,0,11/25
Travis Etienne Jr.,JAX,15,86,5.7,0,1,45,0,0,11/25
Woody Marks,HOU,16,74,4.6,0,5,19,0,0,11/25
Kenneth Walker III,SEA,11,71,6.5,0,4,19,0,0,11/25
Bijan Robinson,ATL,14,70,5,0,2,32,0,0,11/25
Jaylen Warren,PIT,18,68,3.8,1,6,12,0,0,11/25
TreVeyon Henderson,NE,18,66,3.7,0,4,9,0,0,11/25
Derrick Henry,BAL,21,64,3,2,3,17,0,0,11/25
Tyrone Tracy Jr.,NYG,20,62,3.1,0,3,11,0,0,11/25
Jonathan Taylor,IND,16,58,3.6,0,2,27,0,0,11/25
Ashton Jeanty,LV,17,50,2.9,0,1,12,0,0,11/25
Kyle Monangai,CHI,12,48,4,1,4,12,0,0,11/25
Devin Singletary,NYG,14,47,3.4,0,2,13,0,0,11/25
Quinshon Judkins,CLE,16,47,2.9,2,3,11,0,0,11/25
Kyren Williams,LAR,12,46,3.8,0,2,9,0,0,11/25
Tyler Allgeier,ATL,12,44,3.7,0,2,13,0,0,11/25
Breece Hall,NYJ,16,44,2.8,0,3,9,1,1,11/25
Jordan Mason,MIN,8,42,5.3,0,4,22,0,0,11/25
Sean Tucker,TB,12,42,3.5,0,2,9,0,0,11/25
Aaron Jones Sr.,MIN,9,41,4.6,0,2,13,0,0,11/25
Brian Robinson Jr.,SF,7,40,5.7,0,2,12,0,0,11/25
Rachaad White,TB,7,38,5.4,0,3,16,0,0,11/25
Rico Dowdle,CAR,6,38,6.3,0,2,17,0,0,11/25
Cam Ward,TEN,6,37,6.2,1,4,14,0,0,11/25
Zach Charbonnet,SEA,6,35,5.8,1,4,13,0,0,11/25
Jalen Hurts,PHI,7,33,4.7,2,3,8,0,0,11/25
Patrick Mahomes,KC,4,30,7.5,0,2,13,0,0,11/25
Trevor Lawrence,JAX,5,29,5.8,0,2,19,1,1,11/25
Michael Carter,ARI,5,28,5.6,0,3,11,0,0,11/25
Malik Davis,DAL,3,24,8,0,1,21,0,0,11/25
Blake Corum,LAR,7,24,3.4,0,2,10,0,0,11/25
Dylan Sampson,CLE,7,23,3.3,0,1,26,0,0,11/25
Saquon Barkley,PHI,10,22,2.2,0,1,7,1,1,11/25
Tyler Shough,NO,7,22,3.1,0,2,11,1,1,11/25
Drake Maye,NE,5,22,4.4,0,2,12,0,0,11/25
Caleb Williams,CHI,4,21,5.3,0,1,9,1,1,11/25
Chris Brooks,GB,8,21,2.6,0,2,10,0,0,11/25
Jacoby Brissett,ARI,3,20,6.7,0,2,9,0,0,11/25
Josh Allen,BUF,5,20,4,0,2,14,0,0,11/25
Tony Pollard,TEN,11,20,1.8,0,0,5,0,0,11/25
Baker Mayfield,TB,4,19,4.8,0,2,9,0,0,11/25
Tyrod Taylor,NYJ,5,19,3.8,0,2,8,0,0,11/25
David Montgomery,DET,5,18,3.6,0,2,9,0,0,11/25
Devin Neal,NO,7,18,2.6,0,1,6,0,0,11/25
Taysom Hill,NO,10,17,1.7,0,4,4,1,0,11/25
Bhayshul Tuten,JAX,7,17,2.4,0,2,4,0,0,11/25
Nick Chubb,HOU,6,16,2.7,0,1,7,0,0,11/25
Daniel Jones,IND,3,16,5.3,0,2,13,0,0,11/25
Brock Purdy,SF,6,16,2.7,0,4,9,0,0,11/25
Chuba Hubbard,CAR,3,16,5.3,0,0,10,0,0,11/25
D'Andre Swift,CHI,8,15,1.9,0,1,4,1,1,11/25
Luther Burden III,CHI,1,15,15,0,1,15,0,0,11/25
Jordan Love,GB,3,15,5,0,1,13,0,0,11/25
Bryce Young,CAR,4,15,3.8,0,1,7,0,0,11/25
DeMario Douglas,NE,1,14,14,0,1,14,0,0,11/25
Jameis Winston,NYG,4,13,3.3,0,1,11,0,0,11/25
DK Metcalf,PIT,2,12,6,1,1,6,0,0,11/25
Tez Johnson,TB,2,12,6,0,0,6,0,0,11/25
Bam Knight,ARI,10,12,1.2,1,1,6,0,0,11/25
Lamar Jackson,BAL,7,11,1.6,0,0,6,1,0,11/25
Alvin Kamara,NO,3,11,3.7,0,0,5,0,0,11/25
Mason Tipton,NO,1,11,11,0,1,11,0,0,11/25
Zay Flowers,BAL,2,11,5.5,0,1,11,0,0,11/25
J.J. McCarthy,MIN,2,10,5,0,1,10,1,0,11/25
Keaton Mitchell,BAL,2,10,5,0,1,9,0,0,11/25
Xavier Hutchinson,HOU,1,9,9,0,0,9,0,0,11/25
Dak Prescott,DAL,5,9,1.8,1,1,8,0,0,11/25
Geno Smith,LV,3,8,2.7,0,1,9,2,1,11/25
Tank Bigsby,PHI,1,8,8,0,0,8,0,0,11/25
Clyde Edwards-Helaire,KC,5,8,1.6,0,1,4,0,0,11/25
Arian Smith,NYJ,1,8,8,0,0,8,0,0,11/25
Mason Rudolph,PIT,3,7,2.3,0,2,3,1,1,11/25
Isaiah Davis,NYJ,4,7,1.8,0,0,2,0,0,11/25
Ty Johnson,BUF,2,7,3.5,0,0,9,0,0,11/25
Jonnu Smith,PIT,2,7,3.5,0,0,4,0,0,11/25
Teddy Bridgewater,TB,1,6,6,0,0,6,0,0,11/25
Owen Wright,TB,3,6,2,0,0,4,0,0,11/25
Kirk Cousins,ATL,2,5,2.5,0,1,6,1,0,11/25
Jaylin Noel,HOU,1,5,5,0,0,5,0,0,11/25
Andrei Iosivas,CIN,1,5,5,0,0,5,0,0,11/25
Tahj Brooks,CIN,2,5,2.5,0,0,3,0,0,11/25
Rhamondre Stevenson,NE,6,5,0.8,0,0,3,0,0,11/25
Rashid Shaheed,SEA,1,5,5,0,0,5,0,0,11/25
Brashard Smith,KC,1,5,5,0,0,5,0,0,11/25
KaVontae Turpin,DAL,2,4,2,0,0,4,1,1,11/25
Davis Mills,HOU,2,4,2,0,0,5,0,0,11/25
Tyjae Spears,TEN,3,4,1.3,0,0,3,0,0,11/25
Jaxon Smith-Njigba,SEA,1,4,4,0,0,4,0,0,11/25
Harold Fannin Jr.,CLE,1,4,4,0,0,4,0,0,11/25
Julius Chestnut,TEN,2,3,1.5,0,1,3,0,0,11/25
Joe Flacco,CIN,1,3,3,0,1,3,0,0,11/25
Malik Willis,GB,2,3,1.5,0,1,4,0,0,11/25
Raheem Mostert,LV,1,2,2,0,0,2,0,0,11/25
Feleipe Franks,ATL,1,2,2,0,1,2,0,0,11/25
LeQuint Allen Jr.,JAX,1,2,2,0,0,2,0,0,11/25
Mark Andrews,BAL,2,2,1,0,1,2,0,0,11/25
Ricky Pearsall,SF,1,2,2,0,0,2,0,0,11/25
Jake Ferguson,DAL,1,1,1,0,0,1,1,0,11/25
Travis Kelce,KC,1,1,1,0,0,1,0,0,11/25
Wan'Dale Robinson,NYG,1,0,0,0,0,0,1,0,11/25
Connor Heyward,PIT,1,0,0,0,0,0,0,0,11/25
Terrell Jennings,NE,1,0,0,0,0,0,0,0,11/25
Savion Williams,GB,1,0,0,0,0,0,0,0,11/25
T.J. Hockenson,MIN,1,0,0,0,0,0,0,0,11/25
Shedeur Sanders,CLE,1,-1,-1,0,0,-1,0,0,11/25
Sam Darnold,SEA,1,-1,-1,0,0,-1,0,0,11/25
Jerome Ford,CLE,1,-3,-3,0,0,-3,0,0,11/25
Greg Dortch,ARI,2,-5,-2.5,0,0,0,1,0,11/25
Malachi Corley,CLE,1,-6,-6,0,0,-6,0,0,11/25
De'Von Achane,MIA,21,120,5.7,0,8,23,0,0,11/16
Sean Tucker,TB,19,106,5.6,2,4,43,0,0,11/16
Bijan Robinson,ATL,23,104,4.5,2,6,19,0,0,11/16
Derrick Henry,BAL,18,103,5.7,1,5,59,0,0,11/16
Chase Brown,CIN,18,99,5.5,0,6,35,0,0,11/16
Javonte Williams,DAL,22,93,4.2,0,5,16,0,0,11/16
Kyren Williams,LAR,12,91,7.6,1,4,34,0,0,11/16
D'Andre Swift,CHI,21,90,4.3,0,5,11,0,0,11/16
Tyrone Tracy Jr.,NYG,19,88,4.6,0,4,17,0,0,11/16
Saquon Barkley,PHI,26,83,3.2,0,3,14,0,0,11/16
Christian McCaffrey,SF,13,81,6.2,2,7,20,0,0,11/16
Chris Rodriguez Jr.,WAS,15,79,5.3,0,6,17,0,0,11/16
Bhayshul Tuten,JAX,15,74,4.9,1,8,15,0,0,11/16
Travis Etienne Jr.,JAX,19,73,3.8,2,5,13,0,0,11/16
Aaron Jones Sr.,MIN,16,70,4.4,0,3,14,1,0,11/16
Justin Fields,NYJ,11,67,6.1,1,6,14,1,1,11/16
Kenneth Walker III,SEA,16,67,4.2,1,5,25,0,0,11/16
TreVeyon Henderson,NE,19,62,3.3,2,4,9,0,0,11/16
Jaylen Warren,PIT,10,62,6.2,0,1,35,0,0,11/16
Quinshon Judkins,CLE,17,59,3.5,0,3,16,0,0,11/16
Kareem Hunt,KC,13,59,4.5,1,3,11,0,0,11/16
Breece Hall,NYJ,14,58,4.1,0,3,11,0,0,11/16
Rachaad White,TB,10,51,5.1,0,5,12,0,0,11/16
Marcus Mariota,WAS,4,49,12.3,0,1,44,0,0,11/16
James Cook III,BUF,16,48,3,0,0,8,0,0,11/16
Rico Dowdle,CAR,19,45,2.4,0,2,6,0,0,11/16
Ollie Gordon II,MIA,9,45,5,1,3,20,0,0,11/16
Jordan Mason,MIN,6,45,7.5,1,1,16,0,0,11/16
Woody Marks,HOU,18,44,2.4,0,4,12,0,0,11/16
Devin Singletary,NYG,16,44,2.8,2,4,7,0,0,11/16
Josh Allen,BUF,6,40,6.7,3,4,12,0,0,11/16
Josh Jacobs,GB,7,40,5.7,0,3,15,0,0,11/16
Emanuel Wilson,GB,11,40,3.6,1,2,11,0,0,11/16
Baker Mayfield,TB,5,39,7.8,1,4,13,1,1,11/16
Jahmyr Gibbs,DET,12,39,3.3,0,2,11,0,0,11/16
Zach Charbonnet,SEA,11,37,3.4,0,1,6,0,0,11/16
LeQuint Allen Jr.,JAX,8,36,4.5,0,2,12,0,0,11/16
Mark Andrews,BAL,1,35,35,1,1,35,0,0,11/16
Tank Bigsby,PHI,4,34,8.5,0,1,17,0,0,11/16
Cam Ward,TEN,3,33,11,0,2,20,1,1,11/16
Jalen Hurts,PHI,10,31,3.1,1,3,12,1,0,11/16
Keaton Mitchell,BAL,6,31,5.2,0,1,10,0,0,11/16
RJ Harvey,DEN,11,30,2.7,0,3,7,0,0,11/16
Jacory Croskey-Merritt,WAS,9,28,3.1,0,1,10,0,0,11/16
David Montgomery,DET,6,27,4.5,0,1,7,0,0,11/16
Caleb Williams,CHI,4,26,6.5,0,2,16,1,0,11/16
Kenneth Gainwell,PIT,9,24,2.7,0,2,12,0,0,11/16
Bam Knight,ARI,5,24,4.8,1,1,7,0,0,11/16
Brian Robinson Jr.,SF,8,24,3,0,1,7,0,0,11/16
Kyle Monangai,CHI,12,23,1.9,1,5,9,0,0,11/16
Tony Pollard,TEN,10,22,2.2,0,0,7,0,0,11/16
Chuba Hubbard,CAR,4,21,5.3,0,0,6,0,0,11/16
Justin Herbert,LAC,3,21,7,0,1,12,0,0,11/16
Malik Davis,DAL,4,20,5,0,1,9,0,0,11/16
Dylan Sampson,CLE,1,19,19,0,1,19,0,0,11/16
Jaleel McLaughlin,DEN,6,19,3.2,1,2,5,0,0,11/16
Puka Nacua,LAR,2,18,9,0,1,18,1,1,11/16
Bo Melton,GB,1,17,17,0,1,17,0,0,11/16
Nick Chubb,HOU,3,17,5.7,0,1,8,0,0,11/16
Shedeur Sanders,CLE,3,16,5.3,0,1,6,1,0,11/16
Malik Willis,GB,1,16,16,0,1,16,0,0,11/16
Kaleb Johnson,PIT,5,15,3,0,0,7,0,0,11/16
Davis Mills,HOU,2,14,7,0,0,10,0,0,11/16
Geno Smith,LV,4,14,3.5,0,1,7,0,0,11/16
Kimani Vidal,LAC,5,13,2.6,0,1,4,0,0,11/16
Jeremy McNichols,WAS,4,13,3.3,0,0,7,0,0,11/16
Sam Darnold,SEA,2,11,5.5,0,1,8,0,0,11/16
Jaxon Smith-Njigba,SEA,1,11,11,0,1,11,0,0,11/16
Isaiah Davis,NYJ,2,11,5.5,0,1,7,0,0,11/16
Blake Corum,LAR,8,10,1.3,0,0,6,0,0,11/16
Jameis Winston,NYG,3,10,3.3,1,2,10,1,1,11/16
Tyler Allgeier,ATL,3,10,3.3,1,1,5,0,0,11/16
Lamar Jackson,BAL,4,10,2.5,0,1,13,0,0,11/16
Ty Johnson,BUF,1,9,9,0,0,9,1,0,11/16
Michael Penix Jr.,ATL,1,9,9,0,0,9,0,0,11/16
Jameson Williams,DET,1,9,9,0,0,9,0,0,11/16
Trevor Lawrence,JAX,5,9,1.8,1,1,4,0,0,11/16
Chris Brooks,GB,1,8,8,0,0,8,0,0,11/16
Isaiah Bond,CLE,1,8,8,0,0,8,0,0,11/16
Bo Nix,DEN,3,8,2.7,0,0,8,0,0,11/16
Emari Demercado,ARI,5,8,1.6,0,1,5,0,0,11/16
Aaron Rodgers,PIT,1,8,8,0,1,8,0,0,11/16
Amar Johnson,LAC,2,8,4,0,0,6,0,0,11/16
Jordan Love,GB,2,7,3.5,0,0,4,0,0,11/16
Sterling Shepard,TB,1,7,7,0,0,7,0,0,11/16
Ashton Jeanty,LV,6,7,1.2,0,2,11,0,0,11/16
Michael Carter,ARI,2,6,3,0,2,3,0,0,11/16
D'Ernest Johnson,NE,3,6,2,0,0,5,0,0,11/16
George Holani,SEA,2,6,3,0,0,4,0,0,11/16
Raheem Mostert,LV,2,6,3,0,1,4,0,0,11/16
Hunter Luepke,DAL,1,5,5,0,1,5,0,0,11/16
Zay Flowers,BAL,1,5,5,0,0,5,0,0,11/16
Tahj Brooks,CIN,1,5,5,0,0,5,0,0,11/16
Isaiah Williams,NYJ,1,4,4,0,0,4,0,0,11/16
Jaylen Wright,MIA,1,4,4,0,0,4,0,0,11/16
Deebo Samuel,WAS,1,3,3,0,1,3,0,0,11/16
Patrick Mahomes,KC,1,3,3,0,0,3,0,0,11/16
Tyjae Spears,TEN,4,3,0.8,0,0,1,0,0,11/16
DJ Moore,CHI,1,3,3,0,1,3,0,0,11/16
Connor Heyward,PIT,2,3,1.5,0,2,2,0,0,11/16
Drake Maye,NE,4,2,0.5,0,0,4,0,0,11/16
Kirk Cousins,ATL,1,2,2,0,1,2,0,0,11/16
Trevor Etienne,CAR,1,2,2,0,0,2,0,0,11/16
Jerome Ford,CLE,1,2,2,0,0,2,0,0,11/16
Dillon Gabriel,CLE,2,2,1,0,0,1,0,0,11/16
Marvin Mims Jr.,DEN,1,2,2,0,0,2,0,0,11/16
Rashid Shaheed,SEA,1,2,2,0,0,2,0,0,11/16
Kendall Milton,CIN,2,2,1,0,0,2,0,0,11/16
AJ Barner,SEA,2,1,0.5,0,1,1,1,0,11/16
Trey Lance,LAC,3,1,0.3,0,1,1,0,0,11/16
Tez Johnson,TB,3,0,0,0,0,6,0,0,11/16
Grant Stuard,DET,1,0,0,0,0,0,0,0,11/16
Bryce Young,CAR,1,-1,-1,0,0,0,0,0,11/16
Teddy Bridgewater,TB,1,-1,-1,0,0,-1,0,0,11/16
Jared Goff,DET,1,-1,-1,0,0,-1,0,0,11/16
Joe Flacco,CIN,1,-1,-1,0,0,-1,0,0,11/16
Mason Rudolph,PIT,1,-1,-1,0,0,-1,0,0,11/16
Trayveon Williams,LAC,3,-1,-0.3,0,0,2,0,0,11/16
Travis Homer,CHI,1,-2,-2,0,0,-2,0,0,11/16
Jacoby Brissett,ARI,2,-2,-1,0,1,2,0,0,11/16
Mac Jones,SF,3,-3,-1,0,0,-1,0,0,11/16
Dak Prescott,DAL,4,-4,-1,0,0,0,1,1,11/16
DeMario Douglas,NE,1,-5,-5,0,0,-5,0,0,11/16
Brock Purdy,SF,1,-7,-7,0,0,-7,0,0,11/16
Jonathan Taylor,IND,32,244,7.6,3,11,83,1,0,11/9
De'Von Achane,MIA,22,174,7.9,2,7,59,0,0,11/9
TreVeyon Henderson,NE,14,147,10.5,2,4,69,0,0,11/9
Jahmyr Gibbs,DET,15,142,9.5,2,7,43,0,0,11/9
Kimani Vidal,LAC,25,95,3.8,1,9,12,0,0,11/9
Bijan Robinson,ATL,17,84,4.9,0,5,16,0,0,11/9
Breece Hall,NYJ,21,83,4,0,5,30,0,0,11/9
Zach Charbonnet,SEA,14,83,5.9,1,4,30,0,0,11/9
Alvin Kamara,NO,22,83,3.8,0,4,16,0,0,11/9
D'Andre Swift,CHI,13,80,6.2,0,4,25,0,0,11/9
J.K. Dobbins,DEN,18,77,4.3,0,3,13,0,0,11/9
Derrick Henry,BAL,20,75,3.8,0,5,14,0,0,11/9
Quinshon Judkins,CLE,22,75,3.4,0,5,11,0,0,11/9
Josh Jacobs,GB,21,74,3.5,1,5,11,1,1,11/9
Kyren Williams,LAR,14,73,5.2,2,5,12,0,0,11/9
Tyrone Tracy Jr.,NYG,14,71,5.1,0,3,16,0,0,11/9
David Montgomery,DET,15,71,4.7,0,3,12,0,0,11/9
Jaylen Warren,PIT,14,70,5,0,4,14,0,0,11/9
Kenneth Walker III,SEA,14,67,4.8,0,3,24,0,0,11/9
Jaxson Dart,NYG,6,66,11,2,3,24,1,1,11/9
Emari Demercado,ARI,4,64,16,0,1,55,0,0,11/9
Woody Marks,HOU,14,63,4.5,1,4,21,0,0,11/9
Caleb Williams,CHI,8,63,7.9,1,3,29,0,0,11/9
Ashton Jeanty,LV,19,60,3.2,1,3,10,1,0,11/9
Saquon Barkley,PHI,22,60,2.7,0,2,15,0,0,11/9
Travis Etienne Jr.,JAX,16,58,3.6,1,3,13,0,0,11/9
Tyler Allgeier,ATL,11,57,5.2,2,5,13,0,0,11/9
Blake Corum,LAR,13,56,4.3,0,4,15,0,0,11/9
Dillon Gabriel,CLE,5,54,10.8,0,3,19,0,0,11/9
Daniel Jones,IND,7,53,7.6,0,3,19,3,1,11/9
James Cook III,BUF,13,53,4.1,0,2,14,1,1,11/9
Sean Tucker,TB,9,53,5.9,0,5,18,0,0,11/9
Rico Dowdle,CAR,18,53,2.9,1,4,14,0,0,11/9
J.J. McCarthy,MIN,5,48,9.6,0,1,26,0,0,11/9
Aaron Jones Sr.,MIN,9,47,5.2,1,3,17,0,0,11/9
Nick Chubb,HOU,5,47,9.4,0,3,19,0,0,11/9
Brian Robinson Jr.,SF,8,41,5.1,1,4,13,0,0,11/9
Rachaad White,TB,10,38,3.8,0,2,7,0,0,11/9
Lamar Jackson,BAL,9,36,4,0,3,8,1,0,11/9
Trevor Lawrence,JAX,5,35,7,0,2,21,2,1,11/9
Malachi Corley,CLE,2,32,16,0,2,16,0,0,11/9
Josh Allen,BUF,4,31,7.8,0,2,15,1,1,11/9
Keaton Mitchell,BAL,4,31,7.8,0,1,22,1,0,11/9
Jacoby Brissett,ARI,4,31,7.8,0,1,15,2,2,11/9
George Holani,SEA,7,31,4.4,1,3,9,0,0,11/9
Christian McCaffrey,SF,12,30,2.5,0,3,5,0,0,11/9
Jacory Croskey-Merritt,WAS,11,30,2.7,0,0,6,0,0,11/9
Bam Knight,ARI,10,28,2.8,0,4,11,0,0,11/9
Jordan Love,GB,5,28,5.6,0,2,12,2,1,11/9
Kyle Monangai,CHI,7,28,4,1,1,9,0,0,11/9
Justin Fields,NYJ,7,28,4,0,2,13,0,0,11/9
Jalen Hurts,PHI,5,27,5.4,0,1,10,1,1,11/9
Jordan Mason,MIN,4,25,6.3,0,2,13,0,0,11/9
Jeremy McNichols,WAS,5,25,5,0,2,9,0,0,11/9
Ashton Dulin,IND,1,22,22,0,1,22,0,0,11/9
Marcus Mariota,WAS,5,22,4.4,0,1,9,0,0,11/9
Devin Neal,NO,4,22,5.5,0,1,14,0,0,11/9
Rashid Shaheed,SEA,2,20,10,0,2,10,1,0,11/9
Davis Mills,HOU,3,20,6.7,1,1,14,1,0,11/9
Devin Singletary,NYG,8,20,2.5,0,1,6,0,0,11/9
Taysom Hill,NO,7,20,2.9,0,3,5,0,0,11/9
Justin Herbert,LAC,5,19,3.8,0,2,15,0,0,11/9
Jaylen Wright,MIA,5,17,3.4,0,1,18,0,0,11/9
Will Shipley,PHI,4,17,4.3,0,1,7,0,0,11/9
Chris Rodriguez Jr.,WAS,6,16,2.7,1,2,9,0,0,11/9
Chuba Hubbard,CAR,3,14,4.7,0,0,6,0,0,11/9
Arian Smith,NYJ,1,13,13,0,1,13,0,0,11/9
Drake Maye,NE,7,13,1.9,0,0,5,0,0,11/9
Russell Wilson,NYG,2,12,6,0,1,11,0,0,11/9
Sterling Shepard,TB,1,11,11,0,1,11,0,0,11/9
Kameron Johnson,TB,1,11,11,0,1,11,0,0,11/9
Isaiah Davis,NYJ,3,10,3.3,0,0,10,0,0,11/9
Kalif Raymond,DET,1,10,10,0,1,10,0,0,11/9
RJ Harvey,DEN,4,9,2.3,0,0,7,0,0,11/9
Geno Smith,LV,3,7,2.3,0,1,6,0,0,11/9
Tre Tucker,LV,1,7,7,0,0,7,0,0,11/9
Tank Bigsby,PHI,3,7,2.3,0,0,5,0,0,11/9
Zay Flowers,BAL,1,6,6,0,0,6,0,0,11/9
Bryce Young,CAR,2,6,3,0,1,6,1,1,11/9
Alec Ingold,MIA,1,6,6,0,1,6,0,0,11/9
Terrell Jennings,NE,4,5,1.3,0,1,2,0,0,11/9
Bhayshul Tuten,JAX,4,5,1.3,0,1,6,0,0,11/9
Tyler Goodson,IND,1,4,4,0,0,4,0,0,11/9
Malik Washington,MIA,1,4,4,0,0,4,0,0,11/9
Raheem Mostert,LV,1,4,4,0,0,4,0,0,11/9
Mitchell Trubisky,BUF,1,4,4,0,0,4,0,0,11/9
Michael Carter,ARI,3,4,1.3,0,0,6,0,0,11/9
Sione Vaki,DET,1,4,4,0,0,4,0,0,11/9
Patrick Ricard,BAL,1,3,3,0,1,3,0,0,11/9
Kaleb Johnson,PIT,2,3,1.5,0,0,5,0,0,11/9
Mac Jones,SF,1,3,3,0,1,3,0,0,11/9
AJ Barner,SEA,2,3,1.5,0,2,2,0,0,11/9
Greg Dortch,ARI,2,2,1,1,1,4,0,0,11/9
Ty Johnson,BUF,1,2,2,0,0,2,0,0,11/9
Emanuel Wilson,GB,1,2,2,0,0,2,0,0,11/9
Justice Hill,BAL,1,1,1,1,1,1,0,0,11/9
Jerome Ford,CLE,1,1,1,0,0,1,0,0,11/9
Jaret Patterson,LAC,1,1,1,0,0,1,0,0,11/9
D'Ernest Johnson,NE,1,1,1,0,0,1,0,0,11/9
DeMario Douglas,NE,1,0,0,0,0,0,0,0,11/9
Michael Penix Jr.,ATL,1,-1,-1,0,0,-1,1,1,11/9
Elijah Moore,BUF,1,-1,-1,0,0,-1,0,0,11/9
Tua Tagovailoa,MIA,2,-1,-0.5,0,0,0,0,0,11/9
Kyle Allen,DET,1,-1,-1,0,0,-1,0,0,11/9
Sam Darnold,SEA,3,-2,-0.7,0,0,0,2,2,11/9
Ray Davis,BUF,2,-2,-1,0,0,-1,0,0,11/9
Bo Nix,DEN,5,-2,-0.4,0,2,1,0,0,11/9
Ollie Gordon II,MIA,1,-3,-3,0,0,-3,0,0,11/9
Matthew Stafford,LAR,3,-3,-1,0,0,-1,0,0,11/9
Tyler Shough,NO,4,-3,-0.8,0,0,3,0,0,11/9
Drew Lock,SEA,4,-4,-1,0,0,0,1,0,11/9
Brock Bowers,LV,1,-4,-4,0,0,-4,0,0,11/9
Dylan Sampson,CLE,2,-4,-2,0,0,3,0,0,11/9
Parker Washington,JAX,2,-4,-2,0,0,4,0,0,11/9
John Metchie III,NYJ,1,-7,-7,0,0,-7,0,0,11/9
Kyle Monangai,CHI,26,176,6.8,0,6,39,0,0,11/2
Rico Dowdle,CAR,25,130,5.2,2,7,29,0,0,11/2
Derrick Henry,BAL,19,119,6.3,0,3,35,0,0,11/2
James Cook III,BUF,27,114,4.2,0,4,17,0,0,11/2
Kyren Williams,LAR,25,114,4.6,1,9,15,0,0,11/2
Christian McCaffrey,SF,28,106,3.8,1,5,16,0,0,11/2
Josh Jacobs,GB,17,87,5.1,1,6,18,0,0,11/2
Travis Etienne Jr.,JAX,22,84,3.8,0,6,20,1,0,11/2
Javonte Williams,DAL,15,83,5.5,0,6,19,1,1,11/2
Emari Demercado,ARI,14,79,5.6,0,4,19,0,0,11/2
Aaron Jones Sr.,MIN,9,78,8.7,0,4,31,0,0,11/2
De'Von Achane,MIA,14,67,4.8,0,4,22,0,0,11/2
Chris Rodriguez Jr.,WAS,12,65,5.4,1,7,12,0,0,11/2
J.K. Dobbins,DEN,15,61,4.1,0,3,12,0,0,11/2
Blake Corum,LAR,13,58,4.5,0,3,21,0,0,11/2
Justin Herbert,LAC,9,57,6.3,1,6,29,0,0,11/2
Tony Pollard,TEN,10,56,5.6,0,3,16,0,0,11/2
Jaxson Dart,NYG,8,56,7,1,5,18,0,0,11/2
TreVeyon Henderson,NE,14,55,3.9,0,2,8,0,0,11/2
Caleb Williams,CHI,5,53,10.6,0,2,14,0,0,11/2
Brian Robinson Jr.,SF,5,53,10.6,1,4,18,0,0,11/2
Jayden Daniels,WAS,10,51,5.1,1,2,12,0,0,11/2
Kareem Hunt,KC,11,49,4.5,1,3,13,0,0,11/2
Bijan Robinson,ATL,12,46,3.8,0,2,15,0,0,11/2
Jonathan Taylor,IND,14,45,3.2,0,3,9,0,0,11/2
Jaret Patterson,LAC,9,44,4.9,0,1,9,0,0,11/2
Devin Singletary,NYG,8,43,5.4,0,4,14,0,0,11/2
Ashton Jeanty,LV,13,42,3.2,0,3,13,0,0,11/2
Kenneth Walker III,SEA,11,42,3.8,0,2,12,0,0,11/2
David Montgomery,DET,11,40,3.6,1,3,11,1,1,11/2
Jacory Croskey-Merritt,WAS,12,38,3.2,0,0,6,0,0,11/2
Chase Brown,CIN,11,37,3.4,0,3,12,0,0,11/2
Brittain Brown,CHI,5,37,7.4,1,2,22,0,0,11/2
Jordan Mason,MIN,10,36,3.6,0,1,13,0,0,11/2
Bo Nix,DEN,3,36,12,0,1,25,0,0,11/2
Terrell Jennings,NE,11,35,3.2,1,5,11,0,0,11/2
Nick Chubb,HOU,11,34,3.1,0,1,8,0,0,11/2
Dak Prescott,DAL,4,34,8.5,0,1,14,0,0,11/2
Jaylen Warren,PIT,16,31,1.9,2,3,8,0,0,11/2
Kimani Vidal,LAC,12,30,2.5,0,1,7,1,0,11/2
Taysom Hill,NO,4,30,7.5,0,1,29,0,0,11/2
Bhayshul Tuten,JAX,9,29,3.2,1,4,11,0,0,11/2
Woody Marks,HOU,10,27,2.7,0,0,7,0,0,11/2
Bam Knight,ARI,9,27,3,0,3,17,0,0,11/2
Tyjae Spears,TEN,7,26,3.7,0,0,10,0,0,11/2
Jahmyr Gibbs,DET,9,25,2.8,0,0,7,0,0,11/2
Zach Charbonnet,SEA,8,25,3.1,0,1,9,0,0,11/2
Trevor Lawrence,JAX,9,24,2.7,2,4,7,0,0,11/2
Drake Maye,NE,8,20,2.5,0,2,12,2,1,11/2
Michael Penix Jr.,ATL,2,19,9.5,0,1,15,1,0,11/2
Josh Allen,BUF,6,19,3.2,2,4,11,0,0,11/2
Tyrone Tracy Jr.,NYG,5,18,3.6,0,1,11,0,0,11/2
Chuba Hubbard,CAR,5,17,3.4,0,1,8,0,0,11/2
DJ Moore,CHI,1,17,17,1,1,17,0,0,11/2
Emanuel Wilson,GB,6,16,2.7,0,1,7,0,0,11/2
Jordan Addison,MIN,1,16,16,0,1,16,0,0,11/2
Alvin Kamara,NO,6,14,2.3,0,0,3,1,1,11/2
Lamar Jackson,BAL,5,14,2.8,0,1,13,0,0,11/2
Malik Washington,MIA,3,13,4.3,0,0,7,1,1,11/2
J.J. McCarthy,MIN,9,12,1.3,1,1,9,1,0,11/2
C.J. Stroud,HOU,2,12,6,0,1,6,0,0,11/2
Keaton Mitchell,BAL,4,11,2.8,0,1,4,0,0,11/2
Devin Neal,NO,3,11,3.7,0,0,4,0,0,11/2
Jaxon Smith-Njigba,SEA,1,11,11,0,1,11,0,0,11/2
LeQuint Allen Jr.,JAX,1,10,10,0,1,10,0,0,11/2
Bryce Young,CAR,2,9,4.5,0,2,5,1,0,11/2
George Holani,SEA,3,9,3,0,0,7,0,0,11/2
Geno Smith,LV,5,9,1.8,0,2,4,0,0,11/2
Greg Dortch,ARI,1,9,9,0,0,9,0,0,11/2
Ty Johnson,BUF,2,8,4,1,1,5,0,0,11/2
Xavier Worthy,KC,1,7,7,0,0,7,0,0,11/2
Brashard Smith,KC,3,7,2.3,0,0,4,0,0,11/2
Jimmy Horn Jr.,CAR,1,7,7,0,1,7,0,0,11/2
Davis Mills,HOU,2,7,3.5,0,0,7,0,0,11/2
Cam Ward,TEN,2,6,3,0,0,6,2,0,11/2
Ollie Gordon II,MIA,2,6,3,0,0,3,0,0,11/2
Rashee Rice,KC,2,6,3,1,2,3,0,0,11/2
Brock Bowers,LV,1,6,6,0,0,6,0,0,11/2
Tyler Allgeier,ATL,2,6,3,0,0,4,0,0,11/2
Patrick Mahomes,KC,1,5,5,0,0,5,0,0,11/2
Clyde Edwards-Helaire,KC,2,5,2.5,0,0,7,0,0,11/2
Samaje Perine,CIN,1,5,5,0,0,5,0,0,11/2
RJ Harvey,DEN,2,5,2.5,0,0,3,0,0,11/2
Dyami Brown,JAX,1,4,4,0,0,4,0,0,11/2
Mac Jones,SF,4,4,1,0,1,2,1,1,11/2
Daniel Jones,IND,3,4,1.3,1,2,2,3,2,11/2
Connor Heyward,PIT,1,4,4,0,1,4,0,0,11/2
Jacoby Brissett,ARI,5,4,0.8,1,1,4,1,0,11/2
Mark Andrews,BAL,2,4,2,0,2,2,0,0,11/2
Andrei Iosivas,CIN,1,4,4,0,0,4,0,0,11/2
Kaleb Johnson,PIT,1,4,4,0,0,4,0,0,11/2
Malik Davis,DAL,1,3,3,0,1,3,0,0,11/2
KaVontae Turpin,DAL,1,3,3,0,0,3,0,0,11/2
Puka Nacua,LAR,1,3,3,0,1,3,0,0,11/2
Ameer Abdullah,IND,1,3,3,0,0,3,0,0,11/2
Rodney Thomas II,IND,1,3,3,0,1,3,0,0,11/2
Deebo Samuel,WAS,1,3,3,0,0,3,0,0,11/2
Justice Hill,BAL,1,2,2,0,0,2,0,0,11/2
Tyler Shough,NO,1,2,2,0,0,2,0,0,11/2
Adam Prentice,DEN,1,2,2,0,1,2,0,0,11/2
AJ Barner,SEA,1,1,1,1,1,1,1,0,11/2
Tua Tagovailoa,MIA,1,1,1,0,0,1,0,0,11/2
Tahj Brooks,CIN,1,1,1,0,0,1,0,0,11/2
Jordan Love,GB,1,1,1,0,0,1,0,0,11/2
Savion Williams,GB,1,0,0,0,0,0,1,1,11/2
British Brooks,HOU,2,0,0,0,0,0,0,0,11/2
Aaron Rodgers,PIT,2,0,0,0,0,1,0,0,11/2
Jeremy McNichols,WAS,1,0,0,0,0,0,0,0,11/2
Joe Flacco,CIN,1,-1,-1,0,0,-1,1,1,11/2
Adrian Martinez,SF,1,-1,-1,0,0,-1,0,0,11/2
Kenneth Gainwell,PIT,3,-1,-0.3,0,1,5,0,0,11/2
George Kittle,SF,1,-3,-3,0,0,-3,0,0,11/2
Jaylin Noel,HOU,1,-3,-3,0,0,-3,0,0,11/2
Matthew Stafford,LAR,4,-4,-1,0,0,-1,0,0,11/2
Troy Franklin,DEN,2,-4,-2,0,1,2,0,0,11/2
James Cook III,BUF,19,216,11.4,2,10,64,0,0,10/26
Jonathan Taylor,IND,12,153,12.8,2,7,80,0,0,10/26
Saquon Barkley,PHI,14,150,10.7,1,4,65,0,0,10/26
Breece Hall,NYJ,18,133,7.4,2,6,35,0,0,10/26
Kimani Vidal,LAC,23,117,5.1,1,8,21,0,0,10/26
J.K. Dobbins,DEN,15,111,7.4,0,5,25,0,0,10/26
Tank Bigsby,PHI,9,104,11.6,0,5,29,0,0,10/26
Samaje Perine,CIN,9,94,10.4,1,5,32,0,0,10/26
TreVeyon Henderson,NE,10,75,7.5,0,6,27,1,1,10/26
Chase Brown,CIN,12,73,6.1,1,5,22,0,0,10/26
Derrick Henry,BAL,21,71,3.4,2,6,10,0,0,10/26
De'Von Achane,MIA,18,67,3.7,0,4,12,0,0,10/26
Isaiah Davis,NYJ,7,65,9.3,0,1,50,0,0,10/26
Justin Herbert,LAC,7,62,8.9,0,4,18,0,0,10/26
Jaylen Warren,PIT,13,62,4.8,0,2,17,0,0,10/26
Woody Marks,HOU,11,62,5.6,0,2,23,0,0,10/26
Emanuel Wilson,GB,11,61,5.5,0,4,15,1,0,10/26
Tyjae Spears,TEN,9,59,6.6,1,2,41,0,0,10/26
Isiah Pacheco,KC,12,58,4.8,0,3,13,0,0,10/26
Nick Chubb,HOU,17,56,3.3,0,0,9,0,0,10/26
Rico Dowdle,CAR,8,54,6.8,0,2,24,0,0,10/26
Tyler Huntley,BAL,8,53,6.6,0,4,29,0,0,10/26
Drake Maye,NE,7,50,7.1,0,2,28,1,0,10/26
Ollie Gordon II,MIA,10,46,4.6,0,6,13,0,0,10/26
RJ Harvey,DEN,7,46,6.6,2,2,40,0,0,10/26
D'Andre Swift,CHI,11,45,4.1,1,3,13,0,0,10/26
Tony Pollard,TEN,11,44,4,0,3,11,0,0,10/26
Keaton Mitchell,BAL,4,43,10.8,0,2,25,0,0,10/26
Sean Tucker,TB,12,42,3.5,1,3,15,1,0,10/26
Javonte Williams,DAL,13,41,3.2,2,4,9,0,0,10/26
Kareem Hunt,KC,9,40,4.4,1,4,11,0,0,10/26
Tyrone Tracy Jr.,NYG,10,39,3.9,0,2,6,0,0,10/26
Rachaad White,TB,13,35,2.7,0,2,9,0,0,10/26
Chuba Hubbard,CAR,12,34,2.8,1,2,5,0,0,10/26
Rhamondre Stevenson,NE,14,34,2.4,0,0,9,0,0,10/26
Josh Jacobs,GB,13,33,2.5,1,1,6,0,0,10/26
Kenneth Gainwell,PIT,5,31,6.2,0,2,14,1,1,10/26
Justin Fields,NYJ,11,31,2.8,0,3,7,0,0,10/26
Dak Prescott,DAL,6,31,5.2,0,2,9,0,0,10/26
Malachi Corley,CLE,1,31,31,0,1,31,0,0,10/26
Jaret Patterson,LAC,11,30,2.7,0,2,7,0,0,10/26
C.J. Stroud,HOU,7,30,4.3,0,4,13,0,0,10/26
Patrick Mahomes,KC,4,30,7.5,0,1,15,0,0,10/26
Jaydon Blue,DAL,8,29,3.6,0,1,14,1,0,10/26
Marcus Mariota,WAS,8,28,3.5,0,1,8,1,0,10/26
Jaylen Wright,MIA,9,28,3.1,0,1,7,0,0,10/26
Bijan Robinson,ATL,9,25,2.8,0,1,7,1,1,10/26
Isaiah Williams,NYJ,1,25,25,0,1,25,0,0,10/26
Christian McCaffrey,SF,8,25,3.1,0,1,9,0,0,10/26
Jacory Croskey-Merritt,WAS,9,25,2.8,0,2,5,0,0,10/26
Caleb Williams,CHI,3,24,8,0,1,22,0,0,10/26
Kyle Monangai,CHI,7,24,3.4,0,1,15,0,0,10/26
Mac Jones,SF,2,23,11.5,0,1,13,0,0,10/26
Jalen Hurts,PHI,4,22,5.5,0,2,8,0,0,10/26
Alvin Kamara,NO,6,21,3.5,0,1,5,0,0,10/26
Quinshon Judkins,CLE,9,19,2.1,0,0,6,0,0,10/26
Marvin Mims Jr.,DEN,3,18,6,0,1,9,0,0,10/26
Jaxson Dart,NYG,6,17,2.8,1,2,8,0,0,10/26
Zavier Scott,MIN,2,16,8,0,1,10,0,0,10/26
Ray Davis,BUF,9,16,1.8,0,0,5,0,0,10/26
Trevor Etienne,CAR,4,16,4,0,1,8,0,0,10/26
Terrell Jennings,NE,2,15,7.5,0,1,11,0,0,10/26
Aaron Jones Sr.,MIN,5,15,3,0,0,5,0,0,10/26
Nathan Carter,ATL,2,14,7,0,1,12,0,0,10/26
Joe Flacco,CIN,2,14,7,1,2,13,0,0,10/26
Dillon Gabriel,CLE,1,13,13,0,1,13,0,0,10/26
Spencer Rattler,NO,3,12,4,0,1,7,1,1,10/26
Rashee Rice,KC,2,12,6,0,0,7,1,0,10/26
Tyler Shough,NO,3,12,4,0,1,6,0,0,10/26
Cam Skattebo,NYG,3,12,4,0,0,5,0,0,10/26
Josh Williams,TB,4,11,2.8,0,0,4,0,0,10/26
Dare Ogunbowale,HOU,1,9,9,0,0,9,0,0,10/26
Jimmy Horn Jr.,CAR,2,9,4.5,0,0,7,0,0,10/26
Brashard Smith,KC,3,8,2.7,0,0,4,1,0,10/26
Zay Flowers,BAL,1,8,8,0,1,8,0,0,10/26
Josh Allen,BUF,3,7,2.3,2,2,5,0,0,10/26
Tyler Badie,DEN,1,6,6,0,0,6,0,0,10/26
Taysom Hill,NO,2,6,3,0,1,3,0,0,10/26
Ty Johnson,BUF,4,6,1.5,0,0,4,0,0,10/26
Julius Chestnut,TEN,2,5,2.5,0,0,5,0,0,10/26
Ameer Abdullah,IND,2,5,2.5,0,0,3,0,0,10/26
Tyler Allgeier,ATL,4,4,1,1,1,6,0,0,10/26
Cam Ward,TEN,2,4,2,0,0,7,0,0,10/26
Jeremy McNichols,WAS,1,4,4,0,1,4,0,0,10/26
Jordan Mason,MIN,4,3,0.8,0,0,4,0,0,10/26
Malik Davis,DAL,2,3,1.5,0,0,2,0,0,10/26
Daniel Jones,IND,1,3,3,0,0,3,0,0,10/26
Gage Larvadain,CLE,1,3,3,0,0,3,0,0,10/26
DeMario Douglas,NE,2,3,1.5,0,1,8,0,0,10/26
DJ Moore,CHI,2,3,1.5,0,0,3,0,0,10/26
Hunter Luepke,DAL,1,2,2,0,1,2,0,0,10/26
Will Shipley,PHI,3,2,0.7,0,1,3,0,0,10/26
Chris Rodriguez Jr.,WAS,1,2,2,0,0,2,0,0,10/26
Kirk Cousins,ATL,2,2,1,0,0,3,0,0,10/26
CeeDee Lamb,DAL,1,2,2,0,0,2,0,0,10/26
Tyler Goodson,IND,2,2,1,0,0,2,0,0,10/26
Harold Fannin Jr.,CLE,1,2,2,0,1,2,0,0,10/26
Justice Hill,BAL,1,2,2,0,0,2,0,0,10/26
Andy Dalton,CAR,2,1,0.5,0,0,1,2,2,10/26
Deebo Samuel,WAS,1,1,1,0,0,1,0,0,10/26
Chimere Dike,TEN,1,1,1,0,0,1,0,0,10/26
Riley Leonard,IND,1,1,1,0,0,1,0,0,10/26
Savion Williams,GB,1,1,1,0,0,1,0,0,10/26
Dylan Sampson,CLE,3,0,0,0,1,1,0,0,10/26
Devin Singletary,NYG,2,0,0,0,0,3,0,0,10/26
Jarrett Stidham,DEN,1,-1,-1,0,0,-1,0,0,10/26
Bo Nix,DEN,1,-1,-1,0,0,-1,0,0,10/26
Jordan Love,GB,1,-1,-1,0,0,-1,0,0,10/26
Nyheim Hines,LAC,2,-2,-1,0,0,1,0,0,10/26
Tanner McKee,PHI,3,-2,-0.7,0,0,0,0,0,10/26
Chris Olave,NO,1,-3,-3,0,0,-3,0,0,10/26
Jahmyr Gibbs,DET,17,136,8,2,5,78,0,0,10/19
Christian McCaffrey,SF,24,129,5.4,2,9,15,0,0,10/19
Jaylen Warren,PIT,16,127,7.9,0,6,37,0,0,10/19
D'Andre Swift,CHI,19,124,6.5,1,6,23,0,0,10/19
Javonte Williams,DAL,19,116,6.1,1,4,33,0,0,10/19
Chase Brown,CIN,11,108,9.8,0,4,37,0,0,10/19
Jonathan Taylor,IND,16,94,5.9,3,8,23,0,0,10/19
Rhamondre Stevenson,NE,18,88,4.9,1,5,16,0,0,10/19
Quinshon Judkins,CLE,25,84,3.4,3,5,46,0,0,10/19
De'Von Achane,MIA,13,82,6.3,0,2,46,0,0,10/19
Kyle Monangai,CHI,13,81,6.2,1,6,24,0,0,10/19
J.K. Dobbins,DEN,14,81,5.8,0,3,32,0,0,10/19
Rico Dowdle,CAR,17,79,4.6,0,4,13,0,0,10/19
Kenneth Walker III,SEA,17,66,3.9,0,1,16,0,0,10/19
Drake Maye,NE,8,62,7.8,0,3,19,0,0,10/19
Cam Skattebo,NYG,16,60,3.8,0,3,18,0,0,10/19
Isiah Pacheco,KC,15,57,3.8,1,5,11,0,0,10/19
Jordan Mason,MIN,15,57,3.8,1,5,12,0,0,10/19
Bam Knight,ARI,14,57,4.1,0,2,9,0,0,10/19
Josh Jacobs,GB,13,55,4.2,2,4,10,0,0,10/19
Kyren Williams,LAR,12,54,4.5,0,3,10,0,0,10/19
Zach Charbonnet,SEA,12,49,4.1,2,4,15,0,0,10/19
Bo Nix,DEN,5,48,9.6,2,4,21,1,0,10/19
Tyrone Tracy Jr.,NYG,9,46,5.1,1,2,31,0,0,10/19
Saquon Barkley,PHI,18,44,2.4,0,2,9,0,0,10/19
Travis Etienne Jr.,JAX,8,44,5.5,0,3,13,0,0,10/19
Bijan Robinson,ATL,14,40,2.9,0,1,8,0,0,10/19
Brashard Smith,KC,14,39,2.8,0,1,8,0,0,10/19
Breece Hall,NYJ,11,38,3.5,0,2,8,0,0,10/19
Rachaad White,TB,10,38,3.8,0,2,7,0,0,10/19
Blake Corum,LAR,12,37,3.1,0,1,6,0,0,10/19
Brian Robinson Jr.,SF,9,36,4,0,1,10,0,0,10/19
Jayden Daniels,WAS,8,35,4.4,1,4,14,1,1,10/19
Marcus Mariota,WAS,2,34,17,0,1,25,0,0,10/19
Jacory Croskey-Merritt,WAS,13,33,2.5,0,1,9,0,0,10/19
Justin Herbert,LAC,6,31,5.2,0,4,11,0,0,10/19
Samaje Perine,CIN,7,31,4.4,0,2,9,0,0,10/19
Chuba Hubbard,CAR,14,31,2.2,0,3,11,0,0,10/19
Jaydon Blue,DAL,7,29,4.1,0,2,9,0,0,10/19
Alvin Kamara,NO,11,28,2.5,0,1,6,0,0,10/19
Carson Wentz,MIN,4,28,7,0,2,16,1,0,10/19
Patrick Mahomes,KC,4,28,7,0,2,10,0,0,10/19
Jacoby Brissett,ARI,6,26,4.3,0,2,11,1,1,10/19
C.J. Stroud,HOU,2,25,12.5,0,0,15,0,0,10/19
Jordan Love,GB,4,22,5.5,0,1,12,2,0,10/19
Jeremy McNichols,WAS,2,22,11,0,1,19,0,0,10/19
Tyjae Spears,TEN,5,22,4.4,0,1,8,0,0,10/19
Justin Fields,NYJ,4,22,5.5,0,1,7,0,0,10/19
Bhayshul Tuten,JAX,5,22,4.4,0,0,8,0,0,10/19
Ashton Jeanty,LV,6,21,3.5,0,0,8,0,0,10/19
David Montgomery,DET,13,21,1.6,0,0,6,0,0,10/19
Kimani Vidal,LAC,9,20,2.2,0,0,5,0,0,10/19
Ameer Abdullah,IND,2,19,9.5,0,1,14,0,0,10/19
Tony Pollard,TEN,6,18,3,0,0,6,0,0,10/19
Terrell Jennings,NE,5,18,3.6,0,1,9,0,0,10/19
Kareem Hunt,KC,4,18,4.5,0,3,9,0,0,10/19
Trevor Lawrence,JAX,2,18,9,0,1,14,0,0,10/19
Emanuel Wilson,GB,6,17,2.8,0,0,8,0,0,10/19
Nick Chubb,HOU,5,16,3.2,0,0,5,0,0,10/19
Tyler Allgeier,ATL,4,16,4,0,2,7,0,0,10/19
Woody Marks,HOU,10,15,1.5,0,1,11,0,0,10/19
Kenneth Gainwell,PIT,3,14,4.7,0,1,11,0,0,10/19
Xavier Worthy,KC,1,13,13,0,1,13,0,0,10/19
Marvin Mims Jr.,DEN,1,13,13,0,1,13,0,0,10/19
Spencer Rattler,NO,2,12,6,0,1,7,1,1,10/19
Dillon Gabriel,CLE,4,12,3,0,0,6,0,0,10/19
Chris Rodriguez Jr.,WAS,3,12,4,1,1,7,0,0,10/19
Mac Jones,SF,5,11,2.2,0,2,8,0,0,10/19
Roschon Johnson,CHI,1,11,11,0,1,11,0,0,10/19
Ollie Gordon II,MIA,5,11,2.2,0,1,8,0,0,10/19
Jaxson Dart,NYG,5,11,2.2,1,2,9,0,0,10/19
Tank Bigsby,PHI,1,11,11,0,1,11,0,0,10/19
Tyrod Taylor,NYJ,3,11,3.7,0,0,5,0,0,10/19
Michael Carter,ARI,7,11,1.6,0,1,5,0,0,10/19
Bryce Young,CAR,2,10,5,0,0,6,1,0,10/19
Isaiah Davis,NYJ,2,10,5,0,0,5,0,0,10/19
Parker Washington,JAX,3,10,3.3,0,1,5,0,0,10/19
DJ Moore,CHI,1,9,9,0,0,9,0,0,10/19
Dylan Sampson,CLE,3,8,2.7,0,0,4,0,0,10/19
Dak Prescott,DAL,5,7,1.4,0,1,7,1,0,10/19
Daniel Jones,IND,5,7,1.4,0,0,7,0,0,10/19
Jared Goff,DET,2,7,3.5,0,1,6,1,1,10/19
Kendre Miller,NO,1,7,7,0,0,7,0,0,10/19
Jimmy Horn Jr.,CAR,1,7,7,0,0,7,0,0,10/19
Tua Tagovailoa,MIA,3,6,2,0,0,6,3,0,10/19
Michael Penix Jr.,ATL,2,6,3,0,0,3,1,1,10/19
Aaron Rodgers,PIT,1,6,6,0,0,6,0,0,10/19
TreVeyon Henderson,NE,2,5,2.5,0,0,3,0,0,10/19
Mack Hollins,NE,1,4,4,0,0,4,0,0,10/19
Zavier Scott,MIN,4,4,1,0,0,5,0,0,10/19
Sean Tucker,TB,1,4,4,0,0,4,0,0,10/19
Hassan Haskins,LAC,1,3,3,0,0,3,0,0,10/19
Joe Flacco,CIN,5,3,0.6,0,2,12,0,0,10/19
Dylan Laube,LV,2,3,1.5,0,0,2,0,0,10/19
Devin Singletary,NYG,2,2,1,0,0,2,0,0,10/19
AJ Barner,SEA,1,2,2,0,1,2,0,0,10/19
Geno Smith,LV,2,1,0.5,0,0,1,1,0,10/19
Sam Darnold,SEA,3,1,0.3,0,0,3,1,1,10/19
Devin Neal,NO,1,1,1,0,0,1,0,0,10/19
Matthew Stafford,LAR,2,1,0.5,0,0,2,0,0,10/19
Quinn Ewers,MIA,1,0,0,0,0,0,2,0,10/19
Kenny Pickett,LV,1,0,0,0,0,0,1,1,10/19
Travis Hunter,JAX,1,0,0,0,0,0,0,0,10/19
Olamide Zaccheaus,CHI,1,0,0,0,0,0,0,0,10/19
Jerome Ford,CLE,1,0,0,0,0,0,0,0,10/19
RJ Harvey,DEN,4,0,0,0,0,4,0,0,10/19
D'Ernest Johnson,ARI,1,0,0,0,0,0,0,0,10/19
Luther Burden III,CHI,1,-1,-1,0,0,-1,0,0,10/19
Chimere Dike,TEN,1,-1,-1,0,0,-1,0,0,10/19
Teddy Bridgewater,TB,1,-1,-1,0,0,-1,0,0,10/19
Caleb Williams,CHI,4,-2,-0.5,0,0,0,2,0,10/19
Joshua Dobbs,NE,2,-2,-1,0,0,-1,0,0,10/19
Andy Dalton,CAR,2,-2,-1,0,0,-1,0,0,10/19
Kyle Juszczyk,SF,1,-2,-2,0,0,-2,0,0,10/19
Gardner Minshew,KC,3,-3,-1,0,0,-1,0,0,10/19
Jimmy Garoppolo,LAR,3,-3,-1,0,0,-1,0,0,10/19
Taysom Hill,NO,2,-4,-2,0,1,5,0,0,10/19
Jalen Hurts,PHI,4,-10,-2.5,0,1,1,0,0,10/19
Rico Dowdle,CAR,30,183,6.1,0,10,15,1,0,10/12
Bijan Robinson,ATL,19,170,8.9,1,5,81,0,0,10/12
De'Von Achane,MIA,16,128,8,2,6,49,0,0,10/12
Kimani Vidal,LAC,18,124,6.9,0,4,38,0,0,10/12
Jonathan Taylor,IND,21,123,5.9,1,7,30,0,0,10/12
Derrick Henry,BAL,24,122,5.1,0,7,12,0,0,10/12
D'Andre Swift,CHI,14,108,7.7,0,6,19,0,0,10/12
Cam Skattebo,NYG,19,98,5.2,3,9,18,0,0,10/12
Josh Jacobs,GB,18,93,5.2,2,7,16,0,0,10/12
James Cook III,BUF,17,87,5.1,0,5,14,0,0,10/12
Ashton Jeanty,LV,23,75,3.3,1,4,13,0,0,10/12
Rachaad White,TB,17,65,3.8,1,6,10,0,0,10/12
Jahmyr Gibbs,DET,17,65,3.8,0,3,15,0,0,10/12
Jacory Croskey-Merritt,WAS,17,61,3.6,0,4,11,1,1,10/12
Breece Hall,NYJ,22,59,2.7,0,5,8,0,0,10/12
Saquon Barkley,PHI,12,58,4.8,0,3,18,0,0,10/12
Jaxson Dart,NYG,13,58,4.5,1,5,20,0,0,10/12
Christian McCaffrey,SF,17,54,3.2,1,4,11,0,0,10/12
Jayden Daniels,WAS,10,52,5.2,0,2,18,2,1,10/12
Jaylen Warren,PIT,11,52,4.7,0,3,11,0,0,10/12
Isiah Pacheco,KC,12,51,4.3,0,3,11,0,0,10/12
Kyren Williams,LAR,13,50,3.8,1,3,13,0,0,10/12
Josh Allen,BUF,6,42,7,0,2,24,2,0,10/12
Chase Brown,CIN,9,42,4.7,0,1,13,0,0,10/12
J.K. Dobbins,DEN,14,40,2.9,0,2,8,0,0,10/12
Tyler Huntley,BAL,3,39,13,0,2,19,0,0,10/12
Quinshon Judkins,CLE,12,36,3,0,4,6,0,0,10/12
Bam Knight,ARI,11,34,3.1,1,3,7,0,0,10/12
Michael Carter,ARI,9,34,3.8,0,1,11,0,0,10/12
Tony Pollard,TEN,10,34,3.4,0,1,17,0,0,10/12
Kenneth Walker III,SEA,10,34,3.4,0,1,10,0,0,10/12
Patrick Mahomes,KC,10,32,3.2,1,3,11,1,0,10/12
Tyler Allgeier,ATL,10,32,3.2,1,3,21,0,0,10/12
Tyjae Spears,TEN,5,31,6.2,0,2,12,0,0,10/12
Alvin Kamara,NO,10,31,3.1,0,1,7,0,0,10/12
Justin Fields,NYJ,7,31,4.4,0,1,8,0,0,10/12
Javonte Williams,DAL,13,29,2.2,0,1,6,0,0,10/12
Drake Maye,NE,9,28,3.1,0,3,20,1,0,10/12
TreVeyon Henderson,NE,9,27,3,0,1,7,0,0,10/12
Travis Etienne Jr.,JAX,12,27,2.3,0,1,7,0,0,10/12
Jordan Love,GB,7,26,3.7,0,3,7,0,0,10/12
Sean Tucker,TB,6,25,4.2,1,2,9,0,0,10/12
David Montgomery,DET,4,24,6,0,1,13,0,0,10/12
Bo Nix,DEN,5,24,4.8,0,1,11,0,0,10/12
Zach Charbonnet,SEA,12,24,2,0,0,8,0,0,10/12
Kareem Hunt,KC,6,23,3.8,0,2,10,0,0,10/12
Blake Corum,LAR,5,23,4.6,0,1,12,0,0,10/12
Kenneth Gainwell,PIT,6,22,3.7,0,2,10,0,0,10/12
Kendre Miller,NO,8,21,2.6,0,2,4,0,0,10/12
Daniel Jones,IND,5,20,4,1,3,17,0,0,10/12
Spencer Rattler,NO,4,20,5,0,3,9,0,0,10/12
Jacoby Brissett,ARI,3,19,6.3,0,3,12,0,0,10/12
Kyle Monangai,CHI,5,19,3.8,0,0,7,0,0,10/12
Rhamondre Stevenson,NE,13,18,1.4,0,1,7,0,0,10/12
Jerome Ford,CLE,2,17,8.5,0,2,12,0,0,10/12
Trevor Etienne,CAR,3,17,5.7,0,3,11,0,0,10/12
Samaje Perine,CIN,6,16,2.7,0,4,6,0,0,10/12
Matthew Golden,GB,2,16,8,0,2,8,0,0,10/12
Justice Hill,BAL,6,16,2.7,0,1,6,0,0,10/12
Kaleb Johnson,PIT,6,15,2.5,0,1,9,0,0,10/12
Baker Mayfield,TB,3,14,4.7,0,1,15,1,0,10/12
Hassan Haskins,LAC,6,14,2.3,0,2,10,0,0,10/12
Bhayshul Tuten,JAX,2,14,7,0,0,8,0,0,10/12
Mac Jones,SF,5,13,2.6,0,2,5,1,0,10/12
Jalen Hurts,PHI,7,13,1.9,1,2,9,0,0,10/12
Dylan Sampson,CLE,3,12,4,0,0,7,0,0,10/12
Emanuel Wilson,GB,3,11,3.7,0,0,6,0,0,10/12
Jimmy Horn Jr.,CAR,1,11,11,0,1,11,0,0,10/12
Devin Singletary,NYG,3,10,3.3,0,0,6,0,0,10/12
Jonnu Smith,PIT,1,10,10,0,1,10,0,0,10/12
DJ Moore,CHI,2,10,5,0,0,6,0,0,10/12
Trevor Lawrence,JAX,3,9,3,0,1,6,0,0,10/12
Ameer Abdullah,IND,1,7,7,0,1,7,0,0,10/12
Jared Goff,DET,1,7,7,0,1,7,0,0,10/12
Evan Engram,DEN,1,7,7,0,0,7,0,0,10/12
Dyami Brown,JAX,1,7,7,0,1,7,0,0,10/12
Jaylin Lane,WAS,1,7,7,0,0,7,0,0,10/12
Roschon Johnson,CHI,1,6,6,0,0,6,0,0,10/12
Tyrone Tracy Jr.,NYG,4,6,1.5,0,0,3,0,0,10/12
Xavier Worthy,KC,1,6,6,0,0,6,0,0,10/12
Michael Penix Jr.,ATL,2,6,3,0,0,7,0,0,10/12
Bryce Young,CAR,3,5,1.7,0,0,8,0,0,10/12
Ty Johnson,BUF,1,5,5,0,0,5,0,0,10/12
Jeremy McNichols,WAS,2,5,2.5,0,1,4,0,0,10/12
Tua Tagovailoa,MIA,1,4,4,0,0,4,0,0,10/12
RJ Harvey,DEN,2,4,2,0,0,2,0,0,10/12
Olamide Zaccheaus,CHI,1,4,4,0,0,4,0,0,10/12
Bo Melton,GB,1,3,3,0,0,3,0,0,10/12
Adam Prentice,DEN,1,3,3,0,0,3,0,0,10/12
Savion Williams,GB,1,3,3,0,0,3,0,0,10/12
Alec Ingold,MIA,1,3,3,0,0,3,0,0,10/12
Ryan Flournoy,DAL,1,3,3,0,0,3,0,0,10/12
A.J. Dillon,PHI,1,2,2,0,0,2,1,1,10/12
Amon-Ra St. Brown,DET,1,2,2,0,0,2,1,0,10/12
Troy Franklin,DEN,1,2,2,0,0,2,1,1,10/12
Feleipe Franks,ATL,1,2,2,0,1,2,0,0,10/12
Justin Herbert,LAC,1,2,2,0,1,2,0,0,10/12
Isaiah Davis,NYJ,2,2,1,0,0,2,0,0,10/12
Sam Darnold,SEA,4,2,0.5,0,1,6,0,0,10/12
LeQuint Allen Jr.,JAX,1,2,2,0,0,2,0,0,10/12
Mark Andrews,BAL,3,2,0.7,0,1,2,0,0,10/12
Chris Brooks,GB,1,1,1,0,0,1,0,0,10/12
Matthew Stafford,LAR,4,1,0.3,0,0,3,2,1,10/12
Emari Demercado,ARI,1,1,1,0,0,1,0,0,10/12
Malik Washington,MIA,1,1,1,0,0,1,0,0,10/12
Ollie Gordon II,MIA,2,1,0.5,0,1,3,0,0,10/12
Taysom Hill,NO,1,1,1,1,1,1,0,0,10/12
Aaron Rodgers,PIT,1,1,1,0,0,1,0,0,10/12
DeeJay Dallas,CAR,1,0,0,0,0,0,0,0,10/12
Cooper Rush,BAL,1,0,0,0,0,0,1,1,10/12
Jaleel McLaughlin,DEN,1,0,0,0,0,0,0,0,10/12
Mason Rudolph,PIT,3,0,0,0,0,0,0,0,10/12
Jaydon Blue,DAL,3,0,0,0,0,2,0,0,10/12
Terrance Ferguson,LAR,1,0,0,0,0,0,0,0,10/12
Dak Prescott,DAL,2,-1,-0.5,0,0,0,1,0,10/12
Deebo Samuel,WAS,1,-1,-1,0,0,-1,0,0,10/12
Marvin Mims Jr.,DEN,1,-2,-2,0,0,-2,1,0,10/12
Caleb Williams,CHI,4,-2,-0.5,1,2,4,0,0,10/12
Ja'Marr Chase,CIN,1,-3,-3,0,0,-3,0,0,10/12
Geno Smith,LV,4,-3,-0.8,0,0,0,0,0,10/12
Raheem Mostert,LV,5,-4,-0.8,0,0,3,0,0,10/12
Rico Dowdle,CAR,23,206,9,1,7,53,0,0,10/5
Javonte Williams,DAL,16,135,8.4,1,6,66,0,0,10/5
Breece Hall,NYJ,14,113,8.1,0,6,22,1,1,10/5
Jacory Croskey-Merritt,WAS,14,111,7.9,2,6,27,1,1,10/5
Quinshon Judkins,CLE,23,110,4.8,0,5,32,0,0,10/5
Kenneth Walker III,SEA,10,86,8.6,0,3,31,0,0,10/5
Emari Demercado,ARI,3,81,27,0,0,71,1,1,10/5
J.K. Dobbins,DEN,20,79,4,1,5,17,0,0,10/5
Tony Pollard,TEN,14,67,4.8,1,4,14,1,1,10/5
Ashton Jeanty,LV,14,67,4.8,0,3,12,0,0,10/5
Jonathan Taylor,IND,17,66,3.9,3,6,16,0,0,10/5
Kyren Williams,LAR,14,65,4.6,0,4,20,1,1,10/5
David Montgomery,DET,18,65,3.6,1,4,19,0,0,10/5
Nick Chubb,HOU,11,61,5.5,1,3,27,0,0,10/5
Justin Herbert,LAC,4,60,15,0,3,41,0,0,10/5
Patrick Mahomes,KC,6,60,10,1,4,15,0,0,10/5
Cam Skattebo,NYG,15,59,3.9,0,4,9,1,1,10/5
Christian McCaffrey,SF,22,57,2.6,0,2,8,0,0,10/5
Jaxson Dart,NYG,7,55,7.9,0,4,20,1,1,10/5
Trevor Lawrence,JAX,10,54,5.4,2,6,16,1,1,10/5
Jahmyr Gibbs,DET,12,54,4.5,0,3,9,0,0,10/5
Josh Allen,BUF,9,53,5.9,0,3,19,1,1,10/5
Jordan Mason,MIN,13,52,4,1,3,14,1,1,10/5
Michael Carter,ARI,18,51,2.8,1,2,7,0,0,10/5
Travis Etienne Jr.,JAX,12,49,4.1,0,2,8,0,0,10/5
James Cook III,BUF,15,49,3.3,0,2,9,0,0,10/5
Kareem Hunt,KC,7,49,7,2,3,33,0,0,10/5
Omarion Hampton,LAC,12,44,3.7,0,2,8,0,0,10/5
Kendre Miller,NO,10,41,4.1,0,1,11,0,0,10/5
Rachaad White,TB,14,41,2.9,2,5,12,0,0,10/5
Jayden Daniels,WAS,8,39,4.9,0,2,12,0,0,10/5
Zach Charbonnet,SEA,9,36,4,1,3,8,0,0,10/5
Isiah Pacheco,KC,7,36,5.1,0,4,16,0,0,10/5
Derrick Henry,BAL,15,33,2.2,1,3,7,0,0,10/5
Jake Browning,CIN,4,31,7.8,0,2,13,1,0,10/5
Saquon Barkley,PHI,6,30,5,0,1,17,0,0,10/5
C.J. Stroud,HOU,1,30,30,0,1,30,0,0,10/5
Dak Prescott,DAL,7,28,4,0,2,14,0,0,10/5
Samaje Perine,CIN,4,27,6.8,0,2,10,0,0,10/5
Chase Brown,CIN,8,27,3.4,0,0,6,1,0,10/5
Alvin Kamara,NO,8,27,3.4,0,0,11,0,0,10/5
Justin Fields,NYJ,7,26,3.7,0,3,11,0,0,10/5
Kyler Murray,ARI,4,25,6.3,1,3,12,1,1,10/5
TreVeyon Henderson,NE,6,24,4,0,1,13,0,0,10/5
Woody Marks,HOU,7,24,3.4,0,1,11,0,0,10/5
DJ Giddens,IND,5,22,4.4,0,1,9,0,0,10/5
Raheem Mostert,LV,7,22,3.1,0,1,5,0,0,10/5
Bo Nix,DEN,3,22,7.3,0,1,14,0,0,10/5
Trevor Etienne,CAR,4,22,5.5,0,1,12,0,0,10/5
Antonio Gibson,NE,6,21,3.5,0,1,8,1,0,10/5
Spencer Rattler,NO,6,21,3.5,0,3,11,0,0,10/5
Dameon Pierce,HOU,7,21,3,0,1,10,0,0,10/5
Devin Singletary,NYG,6,20,3.3,0,2,7,0,0,10/5
Zavier Scott,MIN,5,18,3.6,0,0,9,1,1,10/5
Jerome Ford,CLE,5,18,3.6,0,2,10,0,0,10/5
Kimani Vidal,LAC,4,18,4.5,0,1,11,0,0,10/5
De'Von Achane,MIA,10,16,1.6,0,2,6,0,0,10/5
British Brooks,HOU,2,15,7.5,0,2,9,0,0,10/5
Jalen Nailor,MIN,1,15,15,0,1,15,0,0,10/5
Baker Mayfield,TB,5,15,3,0,1,8,0,0,10/5
Rhamondre Stevenson,NE,7,14,2,2,2,7,1,1,10/5
Tyjae Spears,TEN,4,14,3.5,0,1,5,0,0,10/5
Hassan Haskins,LAC,5,13,2.6,0,0,5,0,0,10/5
Blake Corum,LAR,1,13,13,0,1,13,0,0,10/5
Carson Wentz,MIN,3,13,4.3,0,0,6,0,0,10/5
RJ Harvey,DEN,4,12,3,0,1,8,0,0,10/5
A.J. Dillon,PHI,2,12,6,0,1,9,0,0,10/5
Brian Robinson Jr.,SF,5,12,2.4,0,2,5,0,0,10/5
Drake Maye,NE,3,12,4,0,1,9,0,0,10/5
Malachi Corley,CLE,1,11,11,0,1,11,0,0,10/5
Bam Knight,ARI,4,11,2.8,1,2,10,0,0,10/5
Trey Lance,LAC,1,11,11,0,0,11,0,0,10/5
Ty Johnson,BUF,2,10,5,0,0,7,0,0,10/5
Ryan Flournoy,DAL,2,10,5,0,1,10,0,0,10/5
Jimmy Horn Jr.,CAR,2,10,5,0,0,5,0,0,10/5
Quentin Johnston,LAC,1,9,9,0,0,9,1,1,10/5
Tre Tucker,LV,1,9,9,0,0,9,0,0,10/5
Marvin Mims Jr.,DEN,1,9,9,0,0,9,0,0,10/5
Xavier Worthy,KC,1,9,9,0,0,9,0,0,10/5
Geno Smith,LV,3,8,2.7,0,2,5,0,0,10/5
Adam Prentice,DEN,1,8,8,0,1,8,0,0,10/5
Keaton Mitchell,BAL,3,8,2.7,0,1,6,0,0,10/5
Nico Collins,HOU,1,8,8,0,0,8,0,0,10/5
Jaydon Blue,DAL,4,7,1.8,0,0,6,0,0,10/5
Chris Rodriguez Jr.,WAS,5,7,1.4,0,1,3,0,0,10/5
Ameer Abdullah,IND,2,6,3,1,1,4,0,0,10/5
Bhayshul Tuten,JAX,4,6,1.5,0,1,4,0,0,10/5
Jeremy McNichols,WAS,1,6,6,0,0,6,0,0,10/5
Khalil Shakir,BUF,1,5,5,0,0,5,0,0,10/5
Mac Jones,SF,4,5,1.3,0,2,2,0,0,10/5
Dillon Gabriel,CLE,2,5,2.5,0,0,8,0,0,10/5
Isaiah Davis,NYJ,1,5,5,0,0,5,0,0,10/5
Tua Tagovailoa,MIA,1,5,5,0,0,5,0,0,10/5
Jaylin Noel,HOU,1,5,5,0,0,5,0,0,10/5
Brashard Smith,KC,1,4,4,0,0,4,0,0,10/5
Jalen Hurts,PHI,2,3,1.5,0,0,4,0,0,10/5
Julius Chestnut,TEN,1,3,3,0,1,3,0,0,10/5
Sean Tucker,TB,3,3,1,0,0,3,0,0,10/5
Justice Hill,BAL,1,3,3,0,0,3,0,0,10/5
Davis Mills,HOU,3,3,1,0,0,5,0,0,10/5
Daniel Jones,IND,1,2,2,0,1,2,1,0,10/5
Wan'Dale Robinson,NYG,1,2,2,0,1,2,0,0,10/5
Tez Johnson,TB,1,2,2,0,0,-,0,0,10/5
Skyy Moore,SF,1,1,1,0,0,1,0,0,10/5
Bryce Young,CAR,3,1,0.3,0,0,4,1,1,10/5
Ray Davis,BUF,2,1,0.5,0,0,1,0,0,10/5
Jameson Williams,DET,1,1,1,0,0,1,0,0,10/5
Matthew Stafford,LAR,1,0,0,0,0,0,1,1,10/5
Jalen Milroe,SEA,1,0,0,0,0,0,1,1,10/5
Will Shipley,PHI,1,0,0,0,0,0,0,0,10/5
Kyle Juszczyk,SF,1,-1,-1,0,0,-1,0,0,10/5
Max Brosmer,MIN,1,-1,-1,0,0,-1,0,0,10/5
Taysom Hill,NO,6,-1,-0.2,0,1,2,0,0,10/5
Jared Goff,DET,2,-2,-1,0,0,-1,1,1,10/5
Ollie Gordon II,MIA,3,-2,-0.7,0,0,3,0,0,10/5
Dylan Sampson,CLE,1,-4,-4,0,0,-4,0,0,10/5
Sterling Shepard,TB,1,-5,-5,0,0,-5,0,0,10/5
Cam Ward,TEN,5,-6,-1.2,0,0,2,0,0,10/5
Ashton Jeanty,LV,21,138,6.6,1,6,64,1,1,9/28
Omarion Hampton,LAC,12,128,10.7,1,5,54,0,0,9/28
Travis Etienne Jr.,JAX,19,124,6.5,1,5,48,0,0,9/28
James Cook III,BUF,22,117,5.3,1,6,15,0,0,9/28
J.K. Dobbins,DEN,16,101,6.3,0,6,16,0,0,9/28
De'Von Achane,MIA,20,99,5,1,4,21,1,0,9/28
Kenneth Gainwell,PIT,19,99,5.2,2,8,15,0,0,9/28
Jahmyr Gibbs,DET,15,91,6.1,1,5,24,0,0,9/28
Josh Jacobs,GB,22,86,3.9,2,6,19,0,0,9/28
Javonte Williams,DAL,20,85,4.3,1,5,13,0,0,9/28
Quinshon Judkins,CLE,21,82,3.9,1,7,11,0,0,9/28
Justin Fields,NYJ,7,81,11.6,1,3,43,1,1,9/28
Kenneth Walker III,SEA,19,81,4.3,0,2,21,0,0,9/28
Breece Hall,NYJ,14,81,5.8,0,3,23,0,0,9/28
Cam Skattebo,NYG,25,79,3.2,0,4,16,0,0,9/28
Kyren Williams,LAR,13,77,5.9,0,6,11,1,1,9/28
Justice Hill,BAL,3,76,25.3,1,2,71,0,0,9/28
Jonathan Taylor,IND,17,76,4.5,0,3,12,0,0,9/28
Bijan Robinson,ATL,17,75,4.4,1,5,14,1,0,9/28
Alvin Kamara,NO,15,70,4.7,0,4,17,0,0,9/28
Woody Marks,HOU,17,69,4.1,1,5,18,0,0,9/28
Kendre Miller,NO,11,65,5.9,1,5,18,0,0,9/28
Tony Pollard,TEN,14,64,4.6,0,2,21,0,0,9/28
Bucky Irving,TB,15,63,4.2,0,2,15,1,1,9/28
Jalen Hurts,PHI,9,62,6.9,0,3,29,1,0,9/28
Raheem Mostert,LV,4,62,15.5,0,3,37,0,0,9/28
Chris Rodriguez Jr.,WAS,7,59,8.4,0,1,48,0,0,9/28
RJ Harvey,DEN,14,58,4.1,0,2,9,0,0,9/28
Jordan Mason,MIN,16,57,3.6,0,5,9,1,0,9/28
Jaxson Dart,NYG,10,54,5.4,1,5,15,1,0,9/28
Tyler Allgeier,ATL,16,51,3.2,1,3,19,0,0,9/28
Spencer Rattler,NO,6,49,8.2,0,5,15,1,0,9/28
Christian McCaffrey,SF,17,49,2.9,0,1,11,1,0,9/28
Chuba Hubbard,CAR,10,49,4.9,0,3,11,0,0,9/28
Lamar Jackson,BAL,6,48,8,0,3,17,1,1,9/28
Jacory Croskey-Merritt,WAS,7,47,6.7,0,4,16,0,0,9/28
Nick Chubb,HOU,13,47,3.6,0,2,11,0,0,9/28
Josh Allen,BUF,7,45,6.4,1,3,27,0,0,9/28
Emanuel Wilson,GB,8,44,5.5,0,3,13,0,0,9/28
Saquon Barkley,PHI,19,43,2.3,1,1,10,0,0,9/28
Derrick Henry,BAL,8,42,5.3,0,2,14,0,0,9/28
Kyler Murray,ARI,5,41,8.2,0,1,29,0,0,9/28
Chase Brown,CIN,10,40,4,0,2,6,0,0,9/28
Zach Charbonnet,SEA,12,39,3.3,1,3,15,0,0,9/28
Xavier Worthy,KC,2,38,19,0,2,35,0,0,9/28
D'Andre Swift,CHI,14,38,2.7,1,4,13,0,0,9/28
Rhamondre Stevenson,NE,9,38,4.2,0,1,22,0,0,9/28
Trey Benson,ARI,8,35,4.4,0,1,12,0,0,9/28
Isiah Pacheco,KC,7,35,5,0,2,12,0,0,9/28
Kareem Hunt,KC,13,34,2.6,0,4,7,0,0,9/28
Trevor Etienne,CAR,7,33,4.7,0,1,22,0,0,9/28
TreVeyon Henderson,NE,7,32,4.6,1,3,11,0,0,9/28
Rico Dowdle,CAR,9,32,3.6,0,2,10,0,0,9/28
Geno Smith,LV,4,31,7.8,0,1,20,0,0,9/28
Jordan Love,GB,3,28,9.3,0,1,25,1,1,9/28
Devin Singletary,NYG,7,28,4,0,2,8,0,0,9/28
Antonio Gibson,NE,6,27,4.5,1,2,21,0,0,9/28
Braelon Allen,NYJ,4,26,6.5,0,2,15,1,1,9/28
Sam Darnold,SEA,1,24,24,0,1,24,1,0,9/28
Justin Herbert,LAC,1,24,24,0,1,24,0,0,9/28
Kaleb Johnson,PIT,6,22,3.7,0,1,9,0,0,9/28
Cam Ward,TEN,2,22,11,0,1,12,0,0,9/28
Blake Corum,LAR,9,21,2.3,0,1,10,0,0,9/28
Brian Robinson Jr.,SF,5,21,4.2,0,0,7,0,0,9/28
Marcus Mariota,WAS,2,20,10,0,1,22,0,0,9/28
Kyle Monangai,CHI,4,18,4.5,0,0,9,0,0,9/28
A.J. Dillon,PHI,3,17,5.7,0,1,11,0,0,9/28
Rachaad White,TB,6,17,2.8,0,2,5,0,0,9/28
Marvin Mims Jr.,DEN,1,16,16,1,1,16,0,0,9/28
Bhayshul Tuten,JAX,4,14,3.5,0,0,8,0,0,9/28
Caleb Williams,CHI,8,13,1.6,0,1,12,2,0,9/28
Brock Purdy,SF,2,13,6.5,0,2,11,1,1,9/28
Baker Mayfield,TB,2,13,6.5,0,1,7,1,0,9/28
Carson Wentz,MIN,2,12,6,0,1,11,1,0,9/28
Ryan Flournoy,DAL,1,12,12,0,1,12,0,0,9/28
David Montgomery,DET,9,12,1.3,0,0,4,0,0,9/28
David Moore,CAR,1,12,12,0,1,12,0,0,9/28
Jaxon Smith-Njigba,SEA,3,11,3.7,0,0,10,0,0,9/28
Jacob Saylors,DET,2,11,5.5,0,1,9,0,0,9/28
Drake Maye,NE,3,11,3.7,1,1,5,0,0,9/28
C.J. Stroud,HOU,4,11,2.8,0,3,4,0,0,9/28
Ollie Gordon II,MIA,6,10,1.7,0,1,7,0,0,9/28
Deebo Samuel,WAS,3,9,3,0,1,7,1,0,9/28
Chris Moore,WAS,1,9,9,0,0,9,0,0,9/28
Brashard Smith,KC,4,9,2.3,0,0,5,0,0,9/28
Tre Tucker,LV,2,9,4.5,0,0,5,0,0,9/28
Isaiah Davis,NYJ,3,9,3,0,1,6,0,0,9/28
Aaron Rodgers,PIT,3,8,2.7,0,1,10,1,0,9/28
Emari Demercado,ARI,2,8,4,0,0,8,0,0,9/28
Miles Sanders,DAL,2,8,4,0,1,5,0,0,9/28
Malik Washington,MIA,2,8,4,0,0,8,0,0,9/28
Ashton Dulin,IND,1,7,7,0,0,7,0,0,9/28
Brian Thomas Jr.,JAX,1,7,7,0,1,7,0,0,9/28
Trevor Lawrence,JAX,7,7,1,0,2,6,0,0,9/28
Bo Nix,DEN,6,7,1.2,1,1,6,0,0,9/28
Hunter Luepke,DAL,1,6,6,0,0,6,0,0,9/28
Tua Tagovailoa,MIA,3,6,2,0,0,5,1,0,9/28
Sterling Shepard,TB,1,6,6,0,0,6,0,0,9/28
Rashid Shaheed,NO,2,5,2.5,0,0,5,0,0,9/28
Matthew Golden,GB,1,5,5,0,1,5,0,0,9/28
Patrick Mahomes,KC,4,5,1.3,0,0,4,0,0,9/28
Tez Johnson,TB,1,5,5,0,0,5,0,0,9/28
Andrei Iosivas,CIN,1,5,5,0,0,5,0,0,9/28
Greg Dortch,ARI,1,4,4,0,0,4,0,0,9/28
KaVontae Turpin,DAL,1,4,4,0,0,4,0,0,9/28
Matthew Stafford,LAR,4,4,1,0,0,6,0,0,9/28
Samaje Perine,CIN,1,4,4,0,0,4,0,0,9/28
Jake Browning,CIN,3,4,1.3,0,1,3,0,0,9/28
Adam Prentice,DEN,1,4,4,0,1,4,0,0,9/28
Jeremy McNichols,WAS,2,3,1.5,0,0,2,0,0,9/28
Ray Davis,BUF,1,3,3,0,0,3,0,0,9/28
Tyler Warren,IND,2,3,1.5,1,1,2,0,0,9/28
Bryce Young,CAR,1,3,3,0,1,3,0,0,9/28
Michael Penix Jr.,ATL,4,2,0.5,0,1,5,0,0,9/28
Connor Heyward,PIT,1,2,2,0,1,2,0,0,9/28
Dak Prescott,DAL,1,2,2,1,1,2,0,0,9/28
Jaylin Noel,HOU,1,2,2,0,0,2,0,0,9/28
Zavier Scott,MIN,2,1,0.5,0,0,2,0,0,9/28
Michael Carter,ARI,1,1,1,0,0,1,0,0,9/28
Savion Williams,GB,1,1,1,0,0,1,0,0,9/28
Harold Fannin Jr.,CLE,1,1,1,0,0,1,0,0,9/28
Julius Chestnut,TEN,1,0,0,0,0,0,0,0,9/28
Ty Johnson,BUF,1,0,0,0,0,0,0,0,9/28
Elijah Moore,BUF,1,0,0,0,0,0,0,0,9/28
Emeka Egbuka,TB,1,0,0,0,0,0,0,0,9/28
Joe Flacco,CIN,3,-1,-0.3,0,0,0,1,1,9/28
Daniel Jones,IND,1,-1,-1,0,0,-1,1,0,9/28
Jerome Ford,CLE,1,-1,-1,0,0,-1,0,0,9/28
Parker Washington,JAX,1,-1,-1,0,0,-1,0,0,9/28
Dylan Sampson,CLE,1,-2,-2,0,0,-2,0,0,9/28
Kyle Allen,DET,2,-2,-1,0,0,-1,0,0,9/28
Joshua Dobbs,NE,3,-2,-0.7,0,0,0,0,0,9/28
Kyle Williams,NE,1,-2,-2,0,0,-2,0,0,9/28
Jameson Williams,DET,1,-3,-3,0,0,-3,0,0,9/28
Gardner Minshew,KC,2,-3,-1.5,0,0,-1,0,0,9/28
Chimere Dike,TEN,1,-4,-4,0,0,-4,0,0,9/28
Braden Mann,PHI,1,-34,-34,0,0,-34,0,0,9/28
David Montgomery,DET,12,151,12.6,2,6,72,0,0,9/21
Jordan Mason,MIN,16,116,7.3,2,7,24,0,0,9/21
James Cook III,BUF,19,108,5.7,1,6,26,0,0,9/21
Jonathan Taylor,IND,17,102,6,3,6,46,0,0,9/21
Quinshon Judkins,CLE,18,94,5.2,1,5,38,0,0,9/21
Kyren Williams,LAR,20,94,4.7,0,7,13,0,0,9/21
J.K. Dobbins,DEN,11,83,7.5,1,3,41,0,0,9/21
Jeremy McNichols,WAS,4,78,19.5,1,3,60,0,0,9/21
Javonte Williams,DAL,10,76,7.6,0,4,22,1,1,9/21
Chuba Hubbard,CAR,17,73,4.3,0,2,8,0,0,9/21
Bijan Robinson,ATL,13,72,5.5,0,4,17,0,0,9/21
Omarion Hampton,LAC,19,70,3.7,1,4,11,1,0,9/21
Jahmyr Gibbs,DET,22,67,3,2,5,9,0,0,9/21
Bucky Irving,TB,25,66,2.6,0,2,16,0,0,9/21
Ashton Jeanty,LV,17,63,3.7,0,3,18,0,0,9/21
De'Von Achane,MIA,12,62,5.2,0,1,14,0,0,9/21
Cam Skattebo,NYG,10,60,6,1,4,13,0,0,9/21
Travis Etienne Jr.,JAX,16,56,3.5,1,2,10,0,0,9/21
Blake Corum,LAR,8,53,6.6,0,4,12,0,0,9/21
Christian McCaffrey,SF,17,52,3.1,0,3,15,0,0,9/21
Derrick Henry,BAL,12,50,4.2,1,2,28,1,1,9/21
Tyrod Taylor,NYJ,8,48,6,0,3,14,1,1,9/21
Jaylen Warren,PIT,18,47,2.6,0,5,11,0,0,9/21
Nathan Carter,ATL,7,46,6.6,0,2,10,1,1,9/21
Saquon Barkley,PHI,18,46,2.6,0,3,12,0,0,9/21
Drake Maye,NE,7,45,6.4,0,5,15,1,1,9/21
Isiah Pacheco,KC,10,45,4.5,0,2,10,0,0,9/21
Tony Pollard,TEN,16,45,2.8,1,6,10,0,0,9/21
Baker Mayfield,TB,4,44,11,0,2,33,1,0,9/21
Trey Benson,ARI,10,42,4.2,0,2,29,0,0,9/21
Alvin Kamara,NO,18,42,2.3,0,3,8,0,0,9/21
Miles Sanders,DAL,9,41,4.6,0,2,8,0,0,9/21
Jalen Hurts,PHI,9,40,4.4,1,5,18,1,1,9/21
Marcus Mariota,WAS,6,40,6.7,1,2,22,1,1,9/21
Chris Rodriguez Jr.,WAS,11,39,3.5,0,1,14,0,0,9/21
Ollie Gordon II,MIA,9,38,4.2,1,4,16,0,0,9/21
Kenneth Walker III,SEA,16,38,2.4,2,4,10,0,0,9/21
Nick Chubb,HOU,9,38,4.2,0,1,8,0,0,9/21
Kyler Murray,ARI,6,37,6.2,0,2,9,0,0,9/21
Lamar Jackson,BAL,7,35,5,0,2,13,1,0,9/21
Kareem Hunt,KC,10,34,3.4,1,2,6,0,0,9/21
D'Andre Swift,CHI,13,33,2.5,0,4,11,0,0,9/21
Bo Nix,DEN,8,33,4.1,0,0,12,0,0,9/21
Josh Jacobs,GB,16,30,1.9,0,2,7,1,0,9/21
Zavier Scott,MIN,8,30,3.8,0,2,11,1,0,9/21
Braelon Allen,NYJ,6,30,5,0,1,9,0,0,9/21
Rico Dowdle,CAR,10,30,3,1,3,8,0,0,9/21
Tyrone Tracy Jr.,NYG,7,29,4.1,0,3,10,0,0,9/21
Antonio Gibson,NE,7,28,4,0,2,11,1,1,9/21
TreVeyon Henderson,NE,11,28,2.5,0,2,5,0,0,9/21
Najee Harris,LAC,6,28,4.7,0,1,7,0,0,9/21
George Holani,SEA,10,27,2.7,0,2,8,1,1,9/21
Daniel Jones,IND,4,27,6.8,0,2,17,0,0,9/21
Russell Wilson,NYG,5,27,5.4,0,1,14,0,0,9/21
Kendre Miller,NO,7,27,3.9,0,0,8,0,0,9/21
Woody Marks,HOU,6,27,4.5,0,0,8,0,0,9/21
Julius Chestnut,TEN,2,26,13,0,1,27,0,0,9/21
Jacory Croskey-Merritt,WAS,8,26,3.3,1,2,9,0,0,9/21
Josh Allen,BUF,4,25,6.3,0,0,19,1,0,9/21
Emanuel Wilson,GB,6,25,4.2,0,1,9,0,0,9/21
James Conner,ARI,9,22,2.4,0,3,9,1,0,9/21
Brian Robinson Jr.,SF,2,22,11,0,1,19,0,0,9/21
C.J. Stroud,HOU,4,22,5.5,0,1,12,0,0,9/21
Samaje Perine,CIN,4,21,5.3,0,2,12,1,1,9/21
Breece Hall,NYJ,9,21,2.3,0,1,17,0,0,9/21
Bhayshul Tuten,JAX,6,21,3.5,1,2,6,0,0,9/21
Malik Washington,MIA,2,20,10,0,2,14,0,0,9/21
Jacardia Wright,SEA,5,20,4,0,1,10,0,0,9/21
Cam Akers,MIN,5,19,3.8,0,1,14,0,0,9/21
Zamir White,LV,5,19,3.8,0,0,9,0,0,9/21
Rhamondre Stevenson,NE,4,18,4.5,0,1,10,2,2,9/21
Jordan Love,GB,4,18,4.5,0,1,10,0,0,9/21
Deebo Samuel,WAS,3,18,6,0,0,9,0,0,9/21
Tahj Brooks,CIN,5,17,3.4,0,0,7,0,0,9/21
Kyle Monangai,CHI,6,16,2.7,0,1,8,0,0,9/21
Kenneth Gainwell,PIT,4,16,4,1,2,13,0,0,9/21
Ty Johnson,BUF,3,13,4.3,0,1,7,0,0,9/21
Brashard Smith,KC,2,13,6.5,0,1,8,0,0,9/21
Olamide Zaccheaus,CHI,1,12,12,0,1,12,0,0,9/21
Caleb Williams,CHI,5,12,2.4,0,0,7,0,0,9/21
Cam Ward,TEN,3,12,4,0,1,7,0,0,9/21
Rachaad White,TB,5,12,2.4,0,0,7,0,0,9/21
Elijah Moore,BUF,1,11,11,0,1,11,0,0,9/21
Nikko Remigio,KC,1,11,11,0,1,11,0,0,9/21
Devin Singletary,NYG,4,11,2.8,0,0,4,0,0,9/21
Tua Tagovailoa,MIA,2,10,5,0,1,8,1,0,9/21
Spencer Rattler,NO,2,10,5,0,1,5,0,0,9/21
Ja'Marr Chase,CIN,1,9,9,0,0,9,1,1,9/21
Matthew Golden,GB,3,9,3,0,0,4,0,0,9/21
Michael Penix Jr.,ATL,2,9,4.5,0,0,6,0,0,9/21
Trevor Lawrence,JAX,2,9,4.5,0,1,10,0,0,9/21
Bryce Young,CAR,2,8,4,1,2,4,0,0,9/21
DJ Moore,CHI,3,7,2.3,0,0,5,0,0,9/21
Luther Burden III,CHI,1,7,7,0,1,7,0,0,9/21
Jordan Whittington,LAR,2,7,3.5,0,0,6,0,0,9/21
Jared Goff,DET,4,6,1.5,0,1,5,1,0,9/21
Tyler Goodson,IND,2,6,3,0,0,4,0,0,9/21
Puka Nacua,LAR,1,6,6,0,0,6,0,0,9/21
Justin Herbert,LAC,2,6,3,0,1,4,0,0,9/21
Greg Dortch,ARI,1,5,5,0,0,5,0,0,9/21
Geno Smith,LV,2,5,2.5,0,2,3,0,0,9/21
KaVontae Turpin,DAL,1,4,4,0,0,4,0,0,9/21
Carson Wentz,MIN,2,4,2,0,0,3,0,0,9/21
Tre Tucker,LV,1,4,4,0,0,4,0,0,9/21
Tyler Allgeier,ATL,1,4,4,0,0,4,0,0,9/21
Chase Brown,CIN,10,3,0.3,0,0,4,1,0,9/21
Chimere Dike,TEN,2,3,1.5,0,0,2,0,0,9/21
DJ Giddens,IND,1,3,3,0,0,3,0,0,9/21
Jake Browning,CIN,1,3,3,0,1,3,0,0,9/21
Jaxson Dart,NYG,1,3,3,0,0,3,0,0,9/21
Jalen Milroe,SEA,1,3,3,0,0,3,0,0,9/21
Patrick Mahomes,KC,5,2,0.4,0,0,4,2,0,9/21
Derius Davis,LAC,1,2,2,0,0,2,1,1,9/21
Dylan Sampson,CLE,1,2,2,0,0,2,0,0,9/21
RJ Harvey,DEN,2,2,1,0,0,4,0,0,9/21
Dylan Laube,LV,3,2,0.7,0,0,2,0,0,9/21
Aaron Rodgers,PIT,4,1,0.3,0,0,3,0,0,9/21
Emari Demercado,ARI,2,0,0,0,0,1,0,0,9/21
Savion Williams,GB,2,-1,-0.5,0,0,2,0,0,9/21
Anthony Richardson Sr.,IND,4,-1,-0.3,0,1,2,0,0,9/21
Mac Jones,SF,1,-1,-1,0,0,0,0,0,9/21
Drew Lock,SEA,1,-1,-1,0,0,-1,0,0,9/21
Andy Dalton,CAR,1,-1,-1,0,0,-1,0,0,9/21
Jonathan Taylor,IND,25,165,6.6,0,4,68,0,0,9/14
Bijan Robinson,ATL,22,143,6.5,0,5,25,0,0,9/14
James Cook III,BUF,21,132,6.3,2,6,44,1,0,9/14
Kenneth Walker III,SEA,13,105,8.1,1,7,20,0,0,9/14
Alvin Kamara,NO,21,99,4.7,0,4,15,1,1,9/14
Javonte Williams,DAL,18,97,5.4,1,5,30,0,0,9/14
Jahmyr Gibbs,DET,12,94,7.8,1,5,42,0,0,9/14
Tony Pollard,TEN,20,92,4.6,0,5,10,0,0,9/14
Saquon Barkley,PHI,22,88,4,1,3,13,0,0,9/14
Josh Jacobs,GB,23,84,3.7,1,4,10,0,0,9/14
J.K. Dobbins,DEN,14,76,5.4,1,5,23,0,0,9/14
Tyler Allgeier,ATL,16,76,4.8,1,7,17,0,0,9/14
Travis Etienne Jr.,JAX,14,71,5.1,0,3,30,0,0,9/14
Bucky Irving,TB,17,71,4.2,0,2,10,0,0,9/14
Kyren Williams,LAR,17,66,3.9,0,3,15,0,0,9/14
Patrick Mahomes,KC,7,66,9.4,1,5,22,0,0,9/14
Rachaad White,TB,10,65,6.5,1,4,16,0,0,9/14
D'Andre Swift,CHI,12,63,5.3,1,3,20,1,1,9/14
Quinshon Judkins,CLE,10,61,6.1,0,3,31,0,0,9/14
Josh Allen,BUF,6,59,9.8,0,3,40,0,0,9/14
David Montgomery,DET,11,57,5.2,1,4,18,0,0,9/14
Christian McCaffrey,SF,13,55,4.2,0,4,10,0,0,9/14
Rhamondre Stevenson,NE,11,54,4.9,0,2,21,0,0,9/14
Justin Fields,NYJ,5,49,9.8,0,2,27,2,1,9/14
Jaylen Warren,PIT,14,48,3.4,0,5,9,0,0,9/14
Chase Brown,CIN,16,47,2.9,0,4,11,0,0,9/14
Cam Skattebo,NYG,11,45,4.1,1,3,24,0,0,9/14
Puka Nacua,LAR,1,45,45,1,1,45,0,0,9/14
Blake Corum,LAR,5,44,8.8,1,4,15,0,0,9/14
Ashton Jeanty,LV,11,43,3.9,0,3,13,0,0,9/14
Nick Chubb,HOU,12,43,3.6,1,2,25,0,0,9/14
Bhayshul Tuten,JAX,8,42,5.3,0,0,9,0,0,9/14
Chuba Hubbard,CAR,10,38,3.8,0,4,14,0,0,9/14
James Conner,ARI,11,34,3.1,1,3,8,0,0,9/14
Baker Mayfield,TB,3,33,11,0,3,16,1,0,9/14
Kyler Murray,ARI,7,32,4.6,0,1,30,0,0,9/14
Kareem Hunt,KC,8,31,3.9,0,3,11,1,0,9/14
Drake Maye,NE,10,31,3.1,1,4,13,0,0,9/14
Jerome Ford,CLE,6,31,5.2,0,1,8,0,0,9/14
Justin Herbert,LAC,9,31,3.4,0,2,12,2,1,9/14
De'Von Achane,MIA,11,30,2.7,0,0,9,0,0,9/14
Jordan Mason,MIN,9,30,3.3,0,2,8,0,0,9/14
Breece Hall,NYJ,10,29,2.9,0,2,12,0,0,9/14
Kyle Monangai,CHI,7,28,4,0,2,10,0,0,9/14
Najee Harris,LAC,8,28,3.5,0,2,7,0,0,9/14
Antonio Gibson,NE,5,27,5.4,0,1,15,0,0,9/14
Caleb Williams,CHI,5,27,5.4,0,2,10,0,0,9/14
C.J. Stroud,HOU,4,27,6.8,0,1,19,0,0,9/14
J.J. McCarthy,MIN,5,25,5,0,1,16,3,1,9/14
Savion Williams,GB,2,24,12,0,1,16,0,0,9/14
Ray Davis,BUF,9,24,2.7,0,2,8,0,0,9/14
Omarion Hampton,LAC,8,24,3,0,2,15,0,0,9/14
Russell Wilson,NYG,3,23,7.7,0,1,15,1,0,9/14
Derrick Henry,BAL,11,23,2.1,0,1,8,1,0,9/14
Malik Washington,MIA,3,23,7.7,0,1,18,0,0,9/14
Aaron Jones Sr.,MIN,5,23,4.6,0,0,8,0,0,9/14
Isiah Pacheco,KC,10,22,2.2,0,1,7,0,0,9/14
Tyrod Taylor,NYJ,3,21,7,0,1,15,0,0,9/14
Geno Smith,LV,5,20,4,0,2,15,0,0,9/14
Bo Nix,DEN,3,20,6.7,0,1,18,0,0,9/14
Brian Robinson Jr.,SF,6,20,3.3,0,0,7,0,0,9/14
Kenneth Gainwell,PIT,5,20,4,0,1,13,0,0,9/14
A.J. Dillon,PHI,3,19,6.3,0,1,8,0,0,9/14
Dak Prescott,DAL,3,17,5.7,0,1,14,1,0,9/14
Austin Ekeler,WAS,8,17,2.1,0,2,5,0,0,9/14
Jayden Daniels,WAS,7,17,2.4,0,0,8,0,0,9/14
Jacory Croskey-Merritt,WAS,4,17,4.3,0,1,5,0,0,9/14
Jalen Hurts,PHI,9,15,1.7,1,5,11,1,0,9/14
Matthew Golden,GB,2,15,7.5,0,0,9,0,0,9/14
Miles Sanders,DAL,5,15,3,1,1,6,0,0,9/14
Tyrone Tracy Jr.,NYG,5,15,3,0,2,9,0,0,9/14
Spencer Rattler,NO,4,14,3.5,0,2,9,1,0,9/14
Trey Benson,ARI,3,14,4.7,0,0,11,0,0,9/14
Woody Marks,HOU,3,14,4.7,0,0,7,0,0,9/14
LeQuint Allen Jr.,JAX,2,13,6.5,0,1,9,0,0,9/14
Lamar Jackson,BAL,2,13,6.5,0,0,11,0,0,9/14
Jordan Love,GB,3,12,4,0,1,14,0,0,9/14
Troy Franklin,DEN,1,11,11,0,1,11,0,0,9/14
Braelon Allen,NYJ,2,11,5.5,0,0,8,0,0,9/14
TreVeyon Henderson,NE,3,10,3.3,0,1,6,0,0,9/14
Zach Charbonnet,SEA,15,10,0.7,0,0,6,0,0,9/14
Chimere Dike,TEN,2,9,4.5,0,0,5,0,0,9/14
Dyami Brown,JAX,1,9,9,0,0,9,0,0,9/14
Olamide Zaccheaus,CHI,1,9,9,0,0,9,0,0,9/14
Kalif Raymond,DET,1,9,9,0,0,9,0,0,9/14
Rico Dowdle,CAR,6,9,1.5,0,0,5,0,0,9/14
Isaiah Bond,CLE,1,9,9,0,0,9,0,0,9/14
Cam Ward,TEN,4,8,2,0,2,3,1,1,9/14
Joe Flacco,CIN,1,8,8,0,1,8,1,1,9/14
RJ Harvey,DEN,5,8,1.6,0,0,3,0,0,9/14
Ollie Gordon II,MIA,1,8,8,0,0,8,0,0,9/14
Kendre Miller,NO,5,8,1.6,0,0,6,0,0,9/14
Tyson Bagent,CHI,2,7,3.5,0,0,7,1,0,9/14
Amon-Ra St. Brown,DET,2,7,3.5,0,1,6,0,0,9/14
Justice Hill,BAL,3,7,2.3,0,0,6,0,0,9/14
Tre Tucker,LV,1,7,7,0,0,7,0,0,9/14
Mac Jones,SF,6,6,1,0,1,13,2,1,9/14
KaVontae Turpin,DAL,2,6,3,0,1,7,0,0,9/14
Jared Goff,DET,1,6,6,0,0,6,0,0,9/14
Ty Johnson,BUF,2,6,3,0,0,3,0,0,9/14
Elijah Moore,BUF,2,6,3,1,1,4,0,0,9/14
Dylan Sampson,CLE,4,6,1.5,0,2,3,0,0,9/14
Trevor Lawrence,JAX,2,4,2,0,1,3,1,0,9/14
Craig Reynolds,DET,3,4,1.3,0,0,3,0,0,9/14
Devin Singletary,NYG,1,4,4,0,0,4,0,0,9/14
Zay Flowers,BAL,1,4,4,0,0,4,0,0,9/14
Tyler Badie,DEN,1,3,3,0,0,3,0,0,9/14
Aaron Rodgers,PIT,1,3,3,0,0,3,0,0,9/14
Bryce Young,CAR,2,2,1,0,0,3,1,1,9/14
AJ Barner,SEA,1,2,2,0,1,2,0,0,9/14
Daniel Jones,IND,6,2,0.3,1,2,2,0,0,9/14
Brashard Smith,KC,1,2,2,0,0,2,0,0,9/14
Jacoby Brissett,ARI,1,2,2,0,1,2,0,0,9/14
Mark Andrews,BAL,1,2,2,0,1,2,0,0,9/14
Jake Browning,CIN,1,1,1,1,1,1,0,0,9/14
Kaleb Johnson,PIT,1,1,1,0,0,1,0,0,9/14
Tyler Warren,IND,1,0,0,0,0,0,0,0,9/14
Xavier Legette,CAR,1,0,0,0,0,0,0,0,9/14
Michael Penix Jr.,ATL,1,-1,-1,0,0,-1,0,0,9/14
Zamir White,LV,2,-2,-1,0,0,3,0,0,9/14
Quentin Johnston,LAC,1,-2,-2,0,0,-2,0,0,9/14
Jaxson Dart,NYG,1,-3,-3,0,0,-3,0,0,9/14
Mitchell Trubisky,BUF,3,-3,-1,0,0,-1,0,0,9/14
Ricky Pearsall,SF,1,-4,-4,0,0,-4,0,0,9/14
Cooper Rush,BAL,3,-4,-1.3,0,0,-1,0,0,9/14
Matthew Stafford,LAR,2,-6,-3,0,0,-2,1,0,9/14
Arian Smith,NYJ,1,-10,-10,0,0,-10,0,0,9/14
Derrick Henry,BAL,18,169,9.4,2,5,49,1,1,9/7
Travis Etienne Jr.,JAX,16,143,8.9,0,3,71,0,0,9/7
Breece Hall,NYJ,19,107,5.6,0,7,18,0,0,9/7
Jacory Croskey-Merritt,WAS,10,82,8.2,1,4,42,0,0,9/7
Jonathan Taylor,IND,18,71,3.9,0,3,15,0,0,9/7
Lamar Jackson,BAL,6,70,11.7,1,5,19,0,0,9/7
RJ Harvey,DEN,6,70,11.7,0,1,50,0,0,9/7
Christian McCaffrey,SF,22,69,3.1,0,6,13,0,0,9/7
Trey Benson,ARI,8,69,8.6,0,1,52,0,0,9/7
Jayden Daniels,WAS,11,68,6.2,0,3,14,0,0,9/7
Jordan Mason,MIN,15,68,4.5,0,3,19,0,0,9/7
Josh Jacobs,GB,19,66,3.5,1,3,15,0,0,9/7
Kyren Williams,LAR,18,66,3.7,1,3,9,0,0,9/7
J.K. Dobbins,DEN,16,63,3.9,1,2,19,0,0,9/7
Jalen Hurts,PHI,14,62,4.4,2,7,15,0,0,9/7
Tony Pollard,TEN,18,60,3.3,0,2,9,1,1,9/7
Saquon Barkley,PHI,18,60,3.3,1,4,16,0,0,9/7
Nick Chubb,HOU,13,60,4.6,0,4,13,0,0,9/7
Caleb Williams,CHI,6,58,9.7,1,4,13,0,0,9/7
Patrick Mahomes,KC,6,57,9.5,1,5,15,0,0,9/7
Chuba Hubbard,CAR,16,57,3.6,0,3,9,0,0,9/7
De'Von Achane,MIA,7,55,7.9,0,2,26,0,0,9/7
Javonte Williams,DAL,15,54,3.6,2,5,11,0,0,9/7
Miles Sanders,DAL,4,53,13.3,0,1,49,1,1,9/7
D'Andre Swift,CHI,17,53,3.1,0,2,13,0,0,9/7
Omarion Hampton,LAC,15,48,3.2,0,4,11,0,0,9/7
Justin Fields,NYJ,12,48,4,2,5,15,0,0,9/7
Zach Charbonnet,SEA,12,47,3.9,1,4,7,0,0,9/7
Alvin Kamara,NO,11,45,4.1,1,3,18,0,0,9/7
Russell Wilson,NYG,8,44,5.5,0,3,15,1,0,9/7
James Cook III,BUF,13,44,3.4,1,3,11,0,0,9/7
Chase Brown,CIN,21,43,2,1,3,8,0,0,9/7
DJ Giddens,IND,12,41,3.4,0,2,12,0,0,9/7
Bryce Young,CAR,5,40,8,0,2,22,1,1,9/7
Baker Mayfield,TB,5,39,7.8,0,3,20,0,0,9/7
James Conner,ARI,12,39,3.3,0,1,12,0,0,9/7
Ashton Jeanty,LV,19,38,2,1,2,9,0,0,9/7
Kyler Murray,ARI,7,38,5.4,0,3,13,0,0,9/7
Bucky Irving,TB,14,37,2.6,0,1,9,0,0,9/7
Jaylen Warren,PIT,11,37,3.4,0,1,9,0,0,9/7
Brian Robinson Jr.,SF,9,33,3.7,0,1,9,0,0,9/7
Justin Herbert,LAC,7,32,4.6,0,1,19,0,0,9/7
C.J. Stroud,HOU,5,32,6.4,0,3,14,0,0,9/7
Josh Allen,BUF,14,30,2.1,2,4,9,0,0,9/7
Dylan Sampson,CLE,12,29,2.4,0,2,5,0,0,9/7
Spencer Rattler,NO,4,29,7.3,0,1,12,0,0,9/7
TreVeyon Henderson,NE,5,27,5.4,0,1,14,0,0,9/7
Will Shipley,PHI,3,26,8.7,0,2,20,0,0,9/7
Daniel Jones,IND,7,26,3.7,2,4,11,0,0,9/7
Austin Ekeler,WAS,6,26,4.3,0,1,6,0,0,9/7
Isiah Pacheco,KC,5,25,5,0,1,10,0,0,9/7
David Montgomery,DET,11,25,2.3,0,1,6,0,0,9/7
Jeremy McNichols,WAS,4,25,6.3,0,2,13,0,0,9/7
J.J. McCarthy,MIN,2,25,12.5,1,2,14,0,0,9/7
Bijan Robinson,ATL,12,24,2,0,0,6,0,0,9/7
Kendre Miller,NO,5,24,4.8,0,1,10,0,0,9/7
Tyler Allgeier,ATL,10,24,2.4,0,1,5,0,0,9/7
Ty Johnson,BUF,2,24,12,0,1,17,0,0,9/7
Tyrone Tracy Jr.,NYG,10,24,2.4,0,1,6,0,0,9/7
Aaron Jones Sr.,MIN,8,23,2.9,0,1,9,0,0,9/7
Michael Penix Jr.,ATL,6,21,3.5,1,3,12,1,0,9/7
Kenneth Walker III,SEA,10,20,2,0,0,8,0,0,9/7
Kenneth Gainwell,PIT,7,19,2.7,0,1,6,1,0,9/7
Jahmyr Gibbs,DET,9,19,2.1,0,1,14,0,0,9/7
Deebo Samuel,WAS,1,19,19,1,1,19,0,0,9/7
Bo Nix,DEN,8,18,2.3,0,2,11,1,1,9/7
Isaiah Davis,NYJ,2,18,9,0,0,15,0,0,9/7
Brock Purdy,SF,5,17,3.4,0,0,9,0,0,9/7
Kareem Hunt,KC,5,16,3.2,0,2,6,0,0,9/7
Ashton Dulin,IND,1,15,15,0,1,15,0,0,9/7
Rhamondre Stevenson,NE,7,15,2.1,0,1,6,0,0,9/7
Sam Darnold,SEA,2,14,7,0,1,9,1,1,9/7
Rachaad White,TB,2,14,7,0,1,11,0,0,9/7
Rico Dowdle,CAR,3,12,4,0,0,9,0,0,9/7
Trevor Lawrence,JAX,4,12,3,0,2,10,0,0,9/7
Tank Bigsby,PHI,5,12,2.4,0,1,4,0,0,9/7
Drake Maye,NE,4,11,2.8,0,0,4,1,0,9/7
Bhayshul Tuten,JAX,3,11,3.7,0,1,8,0,0,9/7
A.J. Dillon,PHI,3,10,3.3,0,1,9,0,0,9/7
Geno Smith,LV,2,10,5,0,1,11,0,0,9/7
KaVontae Turpin,DAL,2,9,4.5,0,1,5,0,0,9/7
Dare Ogunbowale,HOU,2,9,4.5,0,0,7,1,1,9/7
Brian Thomas Jr.,JAX,1,9,9,1,1,9,0,0,9/7
Emeka Egbuka,TB,1,9,9,0,0,9,0,0,9/7
Chimere Dike,TEN,1,9,9,0,0,9,0,0,9/7
Malik Washington,MIA,1,9,9,0,0,9,0,0,9/7
Devin Neal,NO,2,9,4.5,0,0,5,0,0,9/7
Braelon Allen,NYJ,6,9,1.5,1,1,8,0,0,9/7
Devin Singletary,NYG,3,9,3,0,0,8,0,0,9/7
Jerome Ford,CLE,6,8,1.3,0,0,2,0,0,9/7
DJ Moore,CHI,3,8,2.7,0,1,5,1,1,9/7
Elijah Moore,BUF,1,8,8,0,1,8,0,0,9/7
Zay Flowers,BAL,2,8,4,0,0,8,0,0,9/7
Zamir White,LV,3,8,2.7,0,0,5,0,0,9/7
Tua Tagovailoa,MIA,1,7,7,0,0,7,1,1,9/7
LeQuint Allen Jr.,JAX,1,7,7,0,1,7,0,0,9/7
Joe Flacco,CIN,2,6,3,0,1,4,0,0,9/7
Dyami Brown,JAX,2,6,3,0,1,4,0,0,9/7
Rasheen Ali,BAL,1,5,5,0,0,5,0,0,9/7
Najee Harris,LAC,1,5,5,0,0,5,0,0,9/7
Jordan Whittington,LAR,1,5,5,0,0,5,0,0,9/7
Dameon Pierce,HOU,3,5,1.7,0,0,2,0,0,9/7
Xavier Hutchinson,HOU,1,5,5,0,1,5,0,0,9/7
Jordan Love,GB,3,4,1.3,0,1,3,0,0,9/7
Emanuel Wilson,GB,1,4,4,0,0,4,0,0,9/7
Ollie Gordon II,MIA,2,4,2,0,1,3,0,0,9/7
DeMario Douglas,NE,1,4,4,0,0,4,0,0,9/7
Trevor Etienne,CAR,1,4,4,0,0,4,0,0,9/7
Justin Jefferson,MIN,1,4,4,0,0,4,0,0,9/7
Dak Prescott,DAL,1,3,3,0,0,3,0,0,9/7
Derius Davis,LAC,1,3,3,0,0,3,0,0,9/7
Joe Burrow,CIN,2,3,1.5,0,0,2,0,0,9/7
Harold Fannin Jr.,CLE,1,3,3,0,0,3,0,0,9/7
Raheim Sanders,CLE,3,3,1,1,2,2,0,0,9/7
Jameson Williams,DET,1,3,3,0,0,3,0,0,9/7
Tucker Kraft,GB,1,3,3,0,0,3,0,0,9/7
Tyler Warren,IND,1,3,3,0,1,3,0,0,9/7
Zach Wilson,MIA,1,3,3,0,0,3,0,0,9/7
Woody Marks,HOU,3,3,1,0,0,2,0,0,9/7
Antonio Gibson,NE,1,3,3,0,0,3,0,0,9/7
Tyler Conklin,LAC,1,2,2,0,1,2,1,0,9/7
AJ Barner,SEA,1,2,2,0,1,2,0,0,9/7
Sean Tucker,TB,1,2,2,0,0,2,0,0,9/7
Ray Davis,BUF,1,2,2,0,0,2,0,0,9/7
Julius Chestnut,TEN,2,2,1,0,0,1,0,0,9/7
Blake Corum,LAR,1,2,2,0,0,2,0,0,9/7
Chris Brooks,GB,1,1,1,0,0,1,0,0,9/7
Puka Nacua,LAR,1,1,1,0,0,1,0,0,9/7
Jalen Milroe,SEA,1,1,1,0,0,1,0,0,9/7
Xavier Worthy,KC,1,0,0,0,0,0,0,0,9/7
Ulysses Bentley IV,IND,1,0,0,0,0,0,0,0,9/7
Jared Goff,DET,1,-1,-1,0,0,-1,0,0,9/7
Aaron Rodgers,PIT,1,-1,-1,0,0,-1,0,0,9/7
Matthew Stafford,LAR,4,-2,-0.5,0,0,0,1,0,9/7
Kaleb Johnson,PIT,1,-2,-2,0,0,-2,1,0,9/7
Cam Skattebo,NYG,2,-3,-1.5,0,0,-1,0,0,9/7
Justice Hill,BAL,2,-14,-7,0,0,1,1,0,9/7